{
  "_fv": 39,
  "_type": "fluid",
  "definition": {
    "name": "Acid",
    "bucketName": "Acid Bucket",
    "textureStill": "acid_still",
    "textureFlowing": "acid_flowing",
    "tintType": "No tint",
    "canMultiply": true,
    "flowRate": 10,
    "levelDecrease": 2,
    "slopeFindDistance": 5,
    "spawnParticles": true,
    "dripParticle": {
      "value": "CUSTOM:Acidbubble"
    },
    "flowStrength": -1.5,
    "luminosity": 0,
    "density": 2000,
    "viscosity": 2000,
    "temperature": 300,
    "type": "WATER",
    "generateBucket": true,
    "textureBucket": "bucket_acid",
    "creativeTab": {
      "value": "CUSTOM:Crtab"
    },
    "emptySound": {
      "value": "block.slime.place"
    },
    "rarity": "RARE",
    "specialInfo": [],
    "resistance": 100.0,
    "luminance": 0,
    "lightOpacity": 5,
    "emissiveRendering": false,
    "tickRate": 10,
    "flammability": 0,
    "fireSpreadSpeed": 0,
    "colorOnMap": "GREEN",
    "onEntityCollides": {
      "name": "AcidMobplayerCollidesBlock"
    }
  }
}