{
  "_fv": 39,
  "_type": "biome",
  "definition": {
    "name": "Aether",
    "groundBlock": {
      "value": "CUSTOM:Cloud"
    },
    "undergroundBlock": {
      "value": "CUSTOM:CloudBlockRain"
    },
    "underwaterBlock": {
      "value": ""
    },
    "grassColor": {
      "value": -16416192,
      "falpha": 0.0
    },
    "foliageColor": {
      "value": -16746203,
      "falpha": 0.0
    },
    "waterColor": {
      "value": -13421569,
      "falpha": 0.0
    },
    "waterFogColor": {
      "value": -16737793,
      "falpha": 0.0
    },
    "ambientSound": {
      "value": "CUSTOM:music.classical"
    },
    "additionsSound": {
      "value": ""
    },
    "music": {
      "value": ""
    },
    "moodSound": {
      "value": ""
    },
    "moodSoundDelay": 6000,
    "spawnParticles": false,
    "particleToSpawn": {
      "value": "CLOUD"
    },
    "particlesProbability": 15.0,
    "rainingPossibility": 0.4,
    "temperature": 0.2,
    "spawnBiome": false,
    "spawnInCaves": false,
    "spawnBiomeNether": false,
    "genTemperature": {
      "min": -1.8000000000000003,
      "max": 1.4
    },
    "genHumidity": {
      "min": -1.8,
      "max": 1.4000000000000001
    },
    "genContinentalness": {
      "min": -1.09,
      "max": 2.0
    },
    "genErosion": {
      "min": -1.0,
      "max": 2.0
    },
    "genWeirdness": {
      "min": -1.88417770996742,
      "max": 1.3158222900325802
    },
    "grassPerChunk": 0,
    "seagrassPerChunk": 5,
    "flowersPerChunk": 0,
    "mushroomsPerChunk": 0,
    "bigMushroomsChunk": 0,
    "sandPatchesPerChunk": 0,
    "gravelPatchesPerChunk": 0,
    "reedsPerChunk": 0,
    "cactiPerChunk": 0,
    "treesPerChunk": 0,
    "vanillaTreeType": "Default",
    "treeType": 1,
    "minHeight": 3,
    "treeStem": {
      "value": "Blocks.LOG"
    },
    "treeBranch": {
      "value": "Blocks.LEAVES"
    },
    "treeVines": {
      "value": "Blocks.CAVE_VINES"
    },
    "treeFruits": {
      "value": ""
    },
    "spawnStronghold": false,
    "spawnMineshaft": false,
    "spawnMineshaftMesa": false,
    "spawnPillagerOutpost": false,
    "villageType": "none",
    "spawnWoodlandMansion": false,
    "spawnJungleTemple": false,
    "spawnDesertPyramid": false,
    "spawnSwampHut": false,
    "spawnIgloo": false,
    "spawnOceanMonument": false,
    "spawnShipwreck": false,
    "spawnShipwreckBeached": false,
    "spawnBuriedTreasure": true,
    "oceanRuinType": "NONE",
    "spawnNetherBridge": false,
    "spawnNetherFossil": false,
    "spawnBastionRemnant": false,
    "spawnEndCity": false,
    "spawnRuinedPortal": "NONE",
    "defaultFeatures": [
      "Caves",
      "Ores",
      "ExtraEmeraldOre",
      "Lakes",
      "Icebergs",
      "ExtraGoldOre"
    ],
    "spawnEntries": [
      {
        "entity": {
          "value": "EntityBee"
        },
        "minGroup": 3,
        "maxGroup": 6,
        "weight": 18,
        "spawnType": "creature"
      },
      {
        "entity": {
          "value": "EntityBat"
        },
        "minGroup": 1,
        "maxGroup": 4,
        "weight": 10,
        "spawnType": "creature"
      },
      {
        "entity": {
          "value": "EntityHorse"
        },
        "minGroup": 1,
        "maxGroup": 4,
        "weight": 10,
        "spawnType": "creature"
      },
      {
        "entity": {
          "value": "EntitySheep"
        },
        "minGroup": 1,
        "maxGroup": 4,
        "weight": 10,
        "spawnType": "creature"
      },
      {
        "entity": {
          "value": "CUSTOM:MimicEntity"
        },
        "minGroup": 1,
        "maxGroup": 1,
        "weight": 8,
        "spawnType": "monster"
      },
      {
        "entity": {
          "value": "EntityGlowSquid"
        },
        "minGroup": 1,
        "maxGroup": 1,
        "weight": 1,
        "spawnType": "waterCreature"
      },
      {
        "entity": {
          "value": "EntityParrot"
        },
        "minGroup": 2,
        "maxGroup": 4,
        "weight": 15,
        "spawnType": "creature"
      },
      {
        "entity": {
          "value": "EntityLightningBolt"
        },
        "minGroup": 1,
        "maxGroup": 1,
        "weight": 5,
        "spawnType": "monster"
      },
      {
        "entity": {
          "value": "EntitySalmon"
        },
        "minGroup": 4,
        "maxGroup": 4,
        "weight": 5,
        "spawnType": "waterCreature"
      },
      {
        "entity": {
          "value": "EntityTropicalFish"
        },
        "minGroup": 4,
        "maxGroup": 4,
        "weight": 5,
        "spawnType": "waterCreature"
      },
      {
        "entity": {
          "value": "EntityCod"
        },
        "minGroup": 4,
        "maxGroup": 4,
        "weight": 20,
        "spawnType": "waterCreature"
      }
    ]
  }
}