{
  "_fv": 39,
  "_type": "tag",
  "definition": {
    "type": "Items",
    "items": [
      {
        "value": "CUSTOM:TungstenArmor.legs"
      },
      {
        "value": "CUSTOM:ObsidianArmor.legs"
      },
      {
        "value": "CUSTOM:NickelArmor.legs"
      },
      {
        "value": "CUSTOM:TitaniumArmor.legs"
      },
      {
        "value": "CUSTOM:CarbonArmor.legs"
      },
      {
        "value": "CUSTOM:LapisLazuliArmor.legs"
      },
      {
        "value": "CUSTOM:RedstoneArmor.legs"
      },
      {
        "value": "Items.LEATHER_LEGGINGS"
      },
      {
        "value": "Items.CHAINMAIL_LEGGINGS"
      },
      {
        "value": "Items.IRON_LEGGINGS"
      },
      {
        "value": "Items.GOLDEN_LEGGINGS"
      },
      {
        "value": "Items.DIAMOND_LEGGINGS"
      },
      {
        "value": "Items.NETHERITE_LEGGINGS"
      },
      {
        "value": "CUSTOM:DripArmor.legs"
      }
    ],
    "blocks": [],
    "functions": [],
    "entities": [],
    "name": "armor_1",
    "namespace": "minecraft"
  }
}