{
  "_fv": 39,
  "_type": "tag",
  "definition": {
    "type": "Items",
    "items": [
      {
        "value": "Items.LEATHER_CHESTPLATE"
      },
      {
        "value": "Items.CHAINMAIL_CHESTPLATE"
      },
      {
        "value": "Items.IRON_CHESTPLATE"
      },
      {
        "value": "Items.GOLDEN_CHESTPLATE"
      },
      {
        "value": "Items.DIAMOND_CHESTPLATE"
      },
      {
        "value": "Items.NETHERITE_CHESTPLATE"
      },
      {
        "value": "CUSTOM:TungstenArmor.body"
      },
      {
        "value": "CUSTOM:ObsidianArmor.body"
      },
      {
        "value": "CUSTOM:NickelArmor.body"
      },
      {
        "value": "CUSTOM:TitaniumArmor.body"
      },
      {
        "value": "CUSTOM:CarbonArmor.body"
      },
      {
        "value": "CUSTOM:LapisLazuliArmor.body"
      },
      {
        "value": "CUSTOM:RedstoneArmor.body"
      },
      {
        "value": "CUSTOM:DripArmor.body"
      }
    ],
    "blocks": [],
    "functions": [],
    "entities": [],
    "name": "armor_2",
    "namespace": "minecraft"
  }
}