{
  "_fv": 39,
  "_type": "dimension",
  "definition": {
    "biomesInDimension": [
      {
        "value": "CUSTOM:BackroomLevel0"
      }
    ],
    "worldGenType": "Normal world gen",
    "mainFillerBlock": {
      "value": "CUSTOM:WallBlock"
    },
    "fluidBlock": {
      "value": "Blocks.LIGHT"
    },
    "airColor": {
      "value": -16777216,
      "falpha": 0.0
    },
    "canRespawnHere": true,
    "hasFog": false,
    "isDark": false,
    "doesWaterVaporize": false,
    "sleepResult": "BED_EXPLODES",
    "hasSkyLight": true,
    "imitateOverworldBehaviour": false,
    "portalFrame": {
      "value": ""
    },
    "portalParticles": {
      "value": "EXPLOSION_NORMAL"
    },
    "portalLuminance": 0,
    "portalSound": {
      "value": "block.portal.ambient"
    },
    "igniterName": "Backrooms Portal Igniter",
    "igniterTab": {
      "value": "CUSTOM:Crtab"
    },
    "texture": "",
    "portalTexture": "",
    "enablePortal": false
  }
}