{
  "_fv": 39,
  "_type": "enchantment",
  "definition": {
    "name": "Curse of Backstabbing",
    "type": "WEAPON",
    "rarity": "COMMON",
    "minLevel": 1,
    "maxLevel": 1,
    "damageModifier": 0,
    "compatibleEnchantments": [],
    "excludeEnchantments": false,
    "compatibleItems": [],
    "excludeItems": false,
    "isTreasureEnchantment": true,
    "isCurse": true,
    "isAllowedOnBooks": true,
    "canGenerateInLootTables": true,
    "canVillagerTrade": true
  }
}