{
  "_fv": 39,
  "_type": "biome",
  "definition": {
    "name": "Backroom Level 0",
    "groundBlock": {
      "value": "CUSTOM:WallBlock"
    },
    "undergroundBlock": {
      "value": "CUSTOM:WallBlock"
    },
    "underwaterBlock": {
      "value": ""
    },
    "airColor": {
      "value": -16777216,
      "falpha": 0.0
    },
    "grassColor": {
      "value": -10066432,
      "falpha": 0.0
    },
    "foliageColor": {
      "value": -10066432,
      "falpha": 0.0
    },
    "waterColor": {
      "value": -16777114,
      "falpha": 0.0
    },
    "waterFogColor": {
      "value": -13369447,
      "falpha": 0.0
    },
    "ambientSound": {
      "value": "CUSTOM:ambient.backrooms"
    },
    "additionsSound": {
      "value": ""
    },
    "music": {
      "value": "CUSTOM:music.backrooms"
    },
    "moodSound": {
      "value": "CUSTOM:mood.backrooms"
    },
    "moodSoundDelay": 12000,
    "spawnParticles": false,
    "particleToSpawn": {
      "value": "EXPLOSION_NORMAL"
    },
    "particlesProbability": 0.5,
    "rainingPossibility": 0.5,
    "temperature": 0.5,
    "spawnBiome": false,
    "spawnInCaves": false,
    "spawnBiomeNether": false,
    "genTemperature": {
      "min": -0.2,
      "max": 0.2
    },
    "genHumidity": {
      "min": -0.2,
      "max": 0.2
    },
    "genContinentalness": {
      "min": 0.29000000000000004,
      "max": 0.6900000000000001
    },
    "genErosion": {
      "min": 0.8,
      "max": 1.2
    },
    "genWeirdness": {
      "min": 0.04782322579218351,
      "max": 0.44782322579218353
    },
    "grassPerChunk": 0,
    "seagrassPerChunk": 0,
    "flowersPerChunk": 0,
    "mushroomsPerChunk": 0,
    "bigMushroomsChunk": 0,
    "sandPatchesPerChunk": 0,
    "gravelPatchesPerChunk": 0,
    "reedsPerChunk": 0,
    "cactiPerChunk": 0,
    "treesPerChunk": 5,
    "vanillaTreeType": "Default",
    "treeType": 1,
    "minHeight": 7,
    "treeStem": {
      "value": "Blocks.LIGHT"
    },
    "treeBranch": {
      "value": "Blocks.AIR"
    },
    "treeVines": {
      "value": "Blocks.AIR"
    },
    "treeFruits": {
      "value": "Blocks.AIR"
    },
    "spawnStronghold": false,
    "spawnMineshaft": false,
    "spawnMineshaftMesa": false,
    "spawnPillagerOutpost": false,
    "villageType": "none",
    "spawnWoodlandMansion": false,
    "spawnJungleTemple": false,
    "spawnDesertPyramid": false,
    "spawnSwampHut": false,
    "spawnIgloo": false,
    "spawnOceanMonument": false,
    "spawnShipwreck": false,
    "spawnShipwreckBeached": false,
    "spawnBuriedTreasure": false,
    "oceanRuinType": "NONE",
    "spawnNetherBridge": false,
    "spawnNetherFossil": false,
    "spawnBastionRemnant": false,
    "spawnEndCity": false,
    "spawnRuinedPortal": "NONE",
    "defaultFeatures": [],
    "spawnEntries": [
      {
        "entity": {
          "value": "CUSTOM:MobAmogusBlue"
        },
        "minGroup": 1,
        "maxGroup": 1,
        "weight": 20,
        "spawnType": "monster"
      },
      {
        "entity": {
          "value": "CUSTOM:MobAmogusGreen"
        },
        "minGroup": 1,
        "maxGroup": 1,
        "weight": 20,
        "spawnType": "monster"
      },
      {
        "entity": {
          "value": "CUSTOM:MobAmogusGrey"
        },
        "minGroup": 1,
        "maxGroup": 1,
        "weight": 20,
        "spawnType": "monster"
      },
      {
        "entity": {
          "value": "CUSTOM:MobAmogus"
        },
        "minGroup": 1,
        "maxGroup": 1,
        "weight": 20,
        "spawnType": "monster"
      },
      {
        "entity": {
          "value": "CUSTOM:MobShade"
        },
        "minGroup": 1,
        "maxGroup": 4,
        "weight": 8,
        "spawnType": "monster"
      },
      {
        "entity": {
          "value": "CUSTOM:Sirenhead"
        },
        "minGroup": 1,
        "maxGroup": 1,
        "weight": 1,
        "spawnType": "monster"
      }
    ]
  }
}