{
  "_fv": 39,
  "_type": "dimension",
  "definition": {
    "biomesInDimension": [
      {
        "value": "CUSTOM:Wasteland"
      },
      {
        "value": "mutated_mesa"
      },
      {
        "value": "wooded_badlands_plateau"
      },
      {
        "value": "dripstone_caves"
      }
    ],
    "worldGenType": "Normal world gen",
    "mainFillerBlock": {
      "value": "Blocks.DIRT#1"
    },
    "fluidBlock": {
      "value": "Blocks.WATER"
    },
    "airColor": {
      "value": -3706285,
      "falpha": 0.0
    },
    "canRespawnHere": true,
    "hasFog": false,
    "isDark": false,
    "doesWaterVaporize": false,
    "sleepResult": "ALLOW",
    "hasSkyLight": true,
    "imitateOverworldBehaviour": true,
    "portalFrame": {
      "value": ""
    },
    "portalParticles": {
      "value": "CUSTOM:LifestealParticles"
    },
    "portalLuminance": 0,
    "portalSound": {
      "value": "block.portal.ambient"
    },
    "igniterName": "Barrens Portal Igniter",
    "igniterTab": {
      "value": "CUSTOM:Crtab"
    },
    "texture": "",
    "portalTexture": "",
    "enablePortal": false
  }
}