{
  "_fv": 39,
  "_type": "rangeditem",
  "definition": {
    "renderType": 0,
    "texture": "shotgun",
    "customModelName": "Normal",
    "name": "Beetsniper",
    "specialInfo": [],
    "creativeTab": {
      "value": "CUSTOM:Crtabcombat"
    },
    "stackSize": 1,
    "ammoItem": {
      "value": "CUSTOM:PlantCharge"
    },
    "shootConstantly": false,
    "usageCount": 100,
    "actionSound": {
      "value": "entity.firework.blast"
    },
    "hasGlow": false,
    "animation": "bow",
    "enableMeleeDamage": false,
    "damageVsEntity": 0.0,
    "onRangedItemUsed": {
      "name": "BeetsniperRangedItemUsed"
    },
    "bulletPower": 1.5,
    "bulletDamage": 10.0,
    "bulletKnockback": 1,
    "bulletParticles": false,
    "bulletIgnitesFire": false,
    "bulletItemTexture": {
      "value": "Items.BEETROOT"
    },
    "bulletModel": "Default",
    "customBulletModelTexture": ""
  }
}