{
  "_fv": 39,
  "_type": "recipe",
  "definition": {
    "recipeType": "Crafting",
    "xpReward": 0.0,
    "cookingTime": 200,
    "recipeRetstackSize": 4,
    "group": "",
    "recipeShapeless": false,
    "recipeSlots": [
      {
        "value": "CUSTOM:CherryPlanks"
      },
      {
        "value": ""
      },
      {
        "value": ""
      },
      {
        "value": "CUSTOM:CherryPlanks"
      },
      {
        "value": "CUSTOM:CherryPlanks"
      },
      {
        "value": ""
      },
      {
        "value": "CUSTOM:CherryPlanks"
      },
      {
        "value": "CUSTOM:CherryPlanks"
      },
      {
        "value": "CUSTOM:CherryPlanks"
      }
    ],
    "recipeReturnStack": {
      "value": "CUSTOM:CherryStairs"
    },
    "name": "cherry_stairs_recipe",
    "namespace": "mod"
  }
}