{
  "_fv": 39,
  "_type": "tag",
  "definition": {
    "type": "Items",
    "items": [
      {
        "value": "CUSTOM:ClayWaterBottle"
      },
      {
        "value": "CUSTOM:ClayBottle"
      },
      {
        "value": "CUSTOM:ClayMilkBottle"
      },
      {
        "value": "CUSTOM:ClayWaterBottle23"
      },
      {
        "value": "CUSTOM:ClayWaterBottle13"
      }
    ],
    "blocks": [],
    "functions": [],
    "entities": [],
    "biomes": [],
    "name": "clay_bottles",
    "namespace": "forge"
  }
}