{
  "_fv": 39,
  "_type": "rangeditem",
  "definition": {
    "renderType": 0,
    "texture": "coke-grenade",
    "customModelName": "Normal",
    "name": "Coca-Cola Hand Grenade",
    "specialInfo": [],
    "creativeTab": {
      "value": "CUSTOM:Crtabcombat"
    },
    "stackSize": 64,
    "ammoItem": {
      "value": "CUSTOM:CocaColaGrenade"
    },
    "shootConstantly": true,
    "usageCount": 0,
    "actionSound": {
      "value": "entity.firework.launch"
    },
    "hasGlow": false,
    "animation": "none",
    "enableMeleeDamage": false,
    "damageVsEntity": 0.0,
    "onRangedItemUsed": {
      "name": "CocaColaGrenadeRangedItemUsed"
    },
    "bulletPower": 0.8,
    "bulletDamage": 3.0,
    "bulletKnockback": 1,
    "bulletParticles": true,
    "bulletIgnitesFire": true,
    "bulletItemTexture": {
      "value": "CUSTOM:CocaColaGrenade"
    },
    "bulletModel": "Default",
    "customBulletModelTexture": "",
    "onBulletHitsBlock": {
      "name": "CocaColaGrenadeProjectileHits"
    },
    "onBulletHitsEntity": {
      "name": "CocaColaGrenadeProjectileHits"
    }
  }
}