{
  "_fv": 39,
  "_type": "procedure",
  "definition": {
    "procedurexml": "<?xml version=\"1.0\" encoding=\"UTF-8\" standalone=\"no\"?><xml xmlns=\"https://developers.google.com/blockly/xml\"><block deletable=\"false\" type=\"event_trigger\" x=\"40\" y=\"40\"><field name=\"trigger\">no_ext_trigger</field><next><block type=\"controls_if\"><mutation elseif=\"1\"/><value name=\"IF0\"><block type=\"logic_binary_ops\"><field name=\"OP\">EQ</field><value name=\"A\"><block type=\"world_data_logic_getgamerule\"><field name=\"gamerulesboolean\">CUSTOM:Jumpscares</field></block></value><value name=\"B\"><block type=\"logic_boolean\"><field name=\"BOOL\">TRUE</field></block></value></block></value><statement name=\"DO0\"><block type=\"controls_if\"><mutation elseif=\"2\"/><value name=\"IF0\"><block type=\"text_binary_ops\"><value name=\"A\"><block type=\"get_command_parameters\"><field name=\"paramid\">0</field></block></value><value name=\"B\"><block type=\"text\"><field name=\"TEXT\">setcooldown</field></block></value></block></value><statement name=\"DO0\"><block type=\"controls_if\"><mutation else=\"1\" elseif=\"1\"/><value name=\"IF0\"><block type=\"text_binary_ops\"><value name=\"A\"><block type=\"get_command_parameters\"><field name=\"paramid\">1</field></block></value><value name=\"B\"><block type=\"text\"><field name=\"TEXT\">true</field></block></value></block></value><statement name=\"DO0\"><block type=\"execute_command\"><value name=\"command\"><block type=\"text\"><field name=\"TEXT\">tellraw @p {\"text\":\"gamerule setcooldown has been set to True\",\"color\":\"#00FF00\"}</field></block></value><value name=\"x\"><block type=\"coord_x\"/></value><value name=\"y\"><block type=\"coord_y\"/></value><value name=\"z\"><block type=\"coord_z\"/></value><next><block type=\"variables_set_logic\"><mutation xmlns=\"http://www.w3.org/1999/xhtml\" has_entity=\"false\" is_player_var=\"false\"/><field name=\"VAR\">global:Jumpscare_Cooldown</field><value name=\"VAL\"><block type=\"logic_boolean\"><field name=\"BOOL\">TRUE</field></block></value></block></next></block></statement><value name=\"IF1\"><block type=\"text_binary_ops\"><value name=\"A\"><block type=\"get_command_parameters\"><field name=\"paramid\">1</field></block></value><value name=\"B\"><block type=\"text\"><field name=\"TEXT\">false</field></block></value></block></value><statement name=\"DO1\"><block type=\"execute_command\"><value name=\"command\"><block type=\"text\"><field name=\"TEXT\">tellraw @p {\"text\":\"gamerule setcooldown has been set to False\",\"color\":\"#00FF00\"}</field></block></value><value name=\"x\"><block type=\"coord_x\"/></value><value name=\"y\"><block type=\"coord_y\"/></value><value name=\"z\"><block type=\"coord_z\"/></value><next><block type=\"variables_set_logic\"><mutation xmlns=\"http://www.w3.org/1999/xhtml\" has_entity=\"false\" is_player_var=\"false\"/><field name=\"VAR\">global:Jumpscare_Cooldown</field><value name=\"VAL\"><block type=\"logic_boolean\"><field name=\"BOOL\">FALSE</field></block></value></block></next></block></statement><statement name=\"ELSE\"><block type=\"execute_command\"><value name=\"command\"><block type=\"text\"><field name=\"TEXT\">tellraw @p {\"text\":\"Unknown command. Type /jumpscare help for help\",\"color\":\"#F4FF00\"}</field></block></value><value name=\"x\"><block type=\"coord_x\"/></value><value name=\"y\"><block type=\"coord_y\"/></value><value name=\"z\"><block type=\"coord_z\"/></value></block></statement></block></statement><value name=\"IF1\"><block type=\"text_binary_ops\"><value name=\"A\"><block type=\"get_command_parameters\"><field name=\"paramid\">0</field></block></value><value name=\"B\"><block type=\"text\"><field name=\"TEXT\">help</field></block></value></block></value><statement name=\"DO1\"><block type=\"execute_command\"><value name=\"command\"><block type=\"text\"><field name=\"TEXT\">tellraw @p {\"text\":\"/Jumpscare selcooldown &lt;true or false&gt;\",\"color\":\"#FFFF00\"}</field></block></value><value name=\"x\"><block type=\"coord_x\"/></value><value name=\"y\"><block type=\"coord_y\"/></value><value name=\"z\"><block type=\"coord_z\"/></value><next><block type=\"execute_command\"><value name=\"command\"><block type=\"text\"><field name=\"TEXT\">tellraw @p {\"text\":\"/Jumpscare summon &lt;number from 1-5&gt;\",\"color\":\"#FFFF00\"}</field></block></value><value name=\"x\"><block type=\"coord_x\"/></value><value name=\"y\"><block type=\"coord_y\"/></value><value name=\"z\"><block type=\"coord_z\"/></value><next><block type=\"execute_command\"><value name=\"command\"><block type=\"text\"><field name=\"TEXT\">tellraw @p {\"text\":\"/Jumpscare help\",\"color\":\"#FFFF00\"}</field></block></value><value name=\"x\"><block type=\"coord_x\"/></value><value name=\"y\"><block type=\"coord_y\"/></value><value name=\"z\"><block type=\"coord_z\"/></value></block></next></block></next></block></statement><value name=\"IF2\"><block type=\"text_binary_ops\"><value name=\"A\"><block type=\"get_command_parameters\"><field name=\"paramid\">0</field></block></value><value name=\"B\"><block type=\"text\"><field name=\"TEXT\">summon</field></block></value></block></value><statement name=\"DO2\"><block type=\"controls_if\"><mutation elseif=\"1\"/><value name=\"IF0\"><block inline=\"false\" type=\"math_binary_ops\"><field name=\"OP\">EQ</field><value name=\"A\"><block type=\"variables_get_number\"><mutation xmlns=\"http://www.w3.org/1999/xhtml\" has_entity=\"true\" is_player_var=\"true\"/><field name=\"VAR\">global:JumpscareVariant</field><value name=\"entity\"><block type=\"entity_from_deps\"/></value></block></value><value name=\"B\"><block type=\"math_number\"><field name=\"NUM\">0</field></block></value></block></value><statement name=\"DO0\"><block type=\"entity_add_potion\"><field name=\"potion\">CUSTOM:JumpscareEffect</field><value name=\"level\"><block type=\"math_number\"><field name=\"NUM\">1</field></block></value><value name=\"duration\"><block type=\"math_number\"><field name=\"NUM\">60</field></block></value><value name=\"entity\"><block type=\"entity_from_deps\"/></value><next><block type=\"variables_set_number\"><mutation xmlns=\"http://www.w3.org/1999/xhtml\" has_entity=\"true\" is_player_var=\"true\"/><field name=\"VAR\">global:JumpscareVariant</field><value name=\"VAL\"><block type=\"math_random_int_between\"><value name=\"min\"><block type=\"math_number\"><field name=\"NUM\">1</field></block></value><value name=\"max\"><block type=\"math_number\"><field name=\"NUM\">5</field></block></value></block></value><value name=\"entity\"><block type=\"entity_from_deps\"/></value><next><block type=\"variables_set_number\"><mutation xmlns=\"http://www.w3.org/1999/xhtml\" has_entity=\"true\" is_player_var=\"true\"/><field name=\"VAR\">global:Thirstlevel</field><value name=\"VAL\"><block inline=\"false\" type=\"math_dual_ops\"><field name=\"OP\">MINUS</field><value name=\"A\"><block type=\"variables_get_number\"><mutation xmlns=\"http://www.w3.org/1999/xhtml\" has_entity=\"true\" is_player_var=\"true\"/><field name=\"VAR\">global:Thirstlevel</field><value name=\"entity\"><block type=\"entity_from_deps\"/></value></block></value><value name=\"B\"><block type=\"math_number\"><field name=\"NUM\">5</field></block></value></block></value><value name=\"entity\"><block type=\"entity_from_deps\"/></value><next><block type=\"variables_set_number\"><mutation xmlns=\"http://www.w3.org/1999/xhtml\" has_entity=\"true\" is_player_var=\"true\"/><field name=\"VAR\">global:Jumpscare_CD</field><value name=\"VAL\"><block type=\"math_number\"><field name=\"NUM\">1</field></block></value><value name=\"entity\"><block type=\"entity_from_deps\"/></value><next><block type=\"controls_if\"><mutation elseif=\"4\"/><value name=\"IF0\"><block inline=\"false\" type=\"logic_binary_ops\"><field name=\"OP\">OR</field><value name=\"A\"><block type=\"text_binary_ops\"><value name=\"A\"><block type=\"get_command_parameters\"><field name=\"paramid\">1</field></block></value><value name=\"B\"><block type=\"text\"><field name=\"TEXT\">1</field></block></value></block></value><value name=\"B\"><block inline=\"false\" type=\"math_binary_ops\"><field name=\"OP\">EQ</field><value name=\"A\"><block type=\"variables_get_number\"><mutation xmlns=\"http://www.w3.org/1999/xhtml\" has_entity=\"true\" is_player_var=\"true\"/><field name=\"VAR\">global:JumpscareVariant</field><value name=\"entity\"><block type=\"entity_from_deps\"/></value></block></value><value name=\"B\"><block type=\"math_number\"><field name=\"NUM\">1</field></block></value></block></value></block></value><statement name=\"DO0\"><block type=\"call_procedure\"><field name=\"procedure\">Jump1Procedure</field><next><block type=\"play_sound\"><field name=\"sound\">CUSTOM:horror.jumpscare.short</field><field name=\"soundcategory\">hostile</field><value name=\"x\"><block type=\"coord_x\"/></value><value name=\"y\"><block type=\"coord_y\"/></value><value name=\"z\"><block type=\"coord_z\"/></value><value name=\"level\"><block type=\"math_number\"><field name=\"NUM\">5</field></block></value><value name=\"pitch\"><block type=\"math_number\"><field name=\"NUM\">1</field></block></value><next><block type=\"controls_if\"><mutation else=\"1\"/><value name=\"IF0\"><block type=\"logic_binary_ops\"><field name=\"OP\">EQ</field><value name=\"A\"><block type=\"variables_get_logic\"><mutation xmlns=\"http://www.w3.org/1999/xhtml\" has_entity=\"false\" is_player_var=\"false\"/><field name=\"VAR\">global:Jumpscare_Cooldown</field></block></value><value name=\"B\"><block type=\"logic_boolean\"><field name=\"BOOL\">TRUE</field></block></value></block></value><statement name=\"DO0\"><block type=\"wait\"><value name=\"ticks\"><block type=\"math_number\"><field name=\"NUM\">1200</field></block></value><statement name=\"do\"><block type=\"variables_set_number\"><mutation xmlns=\"http://www.w3.org/1999/xhtml\" has_entity=\"true\" is_player_var=\"true\"/><field name=\"VAR\">global:JumpscareVariant</field><value name=\"VAL\"><block type=\"math_number\"><field name=\"NUM\">0</field></block></value><value name=\"entity\"><block type=\"entity_from_deps\"/></value><next><block type=\"variables_set_number\"><mutation xmlns=\"http://www.w3.org/1999/xhtml\" has_entity=\"true\" is_player_var=\"true\"/><field name=\"VAR\">global:Jumpscare_CD</field><value name=\"VAL\"><block type=\"math_number\"><field name=\"NUM\">0</field></block></value><value name=\"entity\"><block type=\"entity_from_deps\"/></value></block></next></block></statement></block></statement><statement name=\"ELSE\"><block type=\"wait\"><value name=\"ticks\"><block type=\"math_number\"><field name=\"NUM\">20</field></block></value><statement name=\"do\"><block type=\"variables_set_number\"><mutation xmlns=\"http://www.w3.org/1999/xhtml\" has_entity=\"true\" is_player_var=\"true\"/><field name=\"VAR\">global:JumpscareVariant</field><value name=\"VAL\"><block type=\"math_number\"><field name=\"NUM\">0</field></block></value><value name=\"entity\"><block type=\"entity_from_deps\"/></value><next><block type=\"variables_set_number\"><mutation xmlns=\"http://www.w3.org/1999/xhtml\" has_entity=\"true\" is_player_var=\"true\"/><field name=\"VAR\">global:Jumpscare_CD</field><value name=\"VAL\"><block type=\"math_number\"><field name=\"NUM\">0</field></block></value><value name=\"entity\"><block type=\"entity_from_deps\"/></value></block></next></block></statement></block></statement></block></next></block></next></block></statement><value name=\"IF1\"><block inline=\"false\" type=\"logic_binary_ops\"><field name=\"OP\">OR</field><value name=\"A\"><block type=\"text_binary_ops\"><value name=\"A\"><block type=\"get_command_parameters\"><field name=\"paramid\">1</field></block></value><value name=\"B\"><block type=\"text\"><field name=\"TEXT\">2</field></block></value></block></value><value name=\"B\"><block inline=\"false\" type=\"math_binary_ops\"><field name=\"OP\">EQ</field><value name=\"A\"><block type=\"variables_get_number\"><mutation xmlns=\"http://www.w3.org/1999/xhtml\" has_entity=\"true\" is_player_var=\"true\"/><field name=\"VAR\">global:JumpscareVariant</field><value name=\"entity\"><block type=\"entity_from_deps\"/></value></block></value><value name=\"B\"><block type=\"math_number\"><field name=\"NUM\">2</field></block></value></block></value></block></value><statement name=\"DO1\"><block type=\"call_procedure\"><field name=\"procedure\">Jump2Procedure</field><next><block type=\"play_sound\"><field name=\"sound\">CUSTOM:horror.jumpscare.short</field><field name=\"soundcategory\">hostile</field><value name=\"x\"><block type=\"coord_x\"/></value><value name=\"y\"><block type=\"coord_y\"/></value><value name=\"z\"><block type=\"coord_z\"/></value><value name=\"level\"><block type=\"math_number\"><field name=\"NUM\">5</field></block></value><value name=\"pitch\"><block type=\"math_number\"><field name=\"NUM\">1</field></block></value><next><block type=\"controls_if\"><mutation else=\"1\"/><value name=\"IF0\"><block type=\"logic_binary_ops\"><field name=\"OP\">EQ</field><value name=\"A\"><block type=\"variables_get_logic\"><mutation xmlns=\"http://www.w3.org/1999/xhtml\" has_entity=\"false\" is_player_var=\"false\"/><field name=\"VAR\">global:Jumpscare_Cooldown</field></block></value><value name=\"B\"><block type=\"logic_boolean\"><field name=\"BOOL\">TRUE</field></block></value></block></value><statement name=\"DO0\"><block type=\"wait\"><value name=\"ticks\"><block type=\"math_number\"><field name=\"NUM\">1200</field></block></value><statement name=\"do\"><block type=\"variables_set_number\"><mutation xmlns=\"http://www.w3.org/1999/xhtml\" has_entity=\"true\" is_player_var=\"true\"/><field name=\"VAR\">global:JumpscareVariant</field><value name=\"VAL\"><block type=\"math_number\"><field name=\"NUM\">0</field></block></value><value name=\"entity\"><block type=\"entity_from_deps\"/></value><next><block type=\"variables_set_number\"><mutation xmlns=\"http://www.w3.org/1999/xhtml\" has_entity=\"true\" is_player_var=\"true\"/><field name=\"VAR\">global:Jumpscare_CD</field><value name=\"VAL\"><block type=\"math_number\"><field name=\"NUM\">0</field></block></value><value name=\"entity\"><block type=\"entity_from_deps\"/></value></block></next></block></statement></block></statement><statement name=\"ELSE\"><block type=\"wait\"><value name=\"ticks\"><block type=\"math_number\"><field name=\"NUM\">20</field></block></value><statement name=\"do\"><block type=\"variables_set_number\"><mutation xmlns=\"http://www.w3.org/1999/xhtml\" has_entity=\"true\" is_player_var=\"true\"/><field name=\"VAR\">global:JumpscareVariant</field><value name=\"VAL\"><block type=\"math_number\"><field name=\"NUM\">0</field></block></value><value name=\"entity\"><block type=\"entity_from_deps\"/></value><next><block type=\"variables_set_number\"><mutation xmlns=\"http://www.w3.org/1999/xhtml\" has_entity=\"true\" is_player_var=\"true\"/><field name=\"VAR\">global:Jumpscare_CD</field><value name=\"VAL\"><block type=\"math_number\"><field name=\"NUM\">0</field></block></value><value name=\"entity\"><block type=\"entity_from_deps\"/></value></block></next></block></statement></block></statement></block></next></block></next></block></statement><value name=\"IF2\"><block inline=\"false\" type=\"logic_binary_ops\"><field name=\"OP\">OR</field><value name=\"A\"><block type=\"text_binary_ops\"><value name=\"A\"><block type=\"get_command_parameters\"><field name=\"paramid\">1</field></block></value><value name=\"B\"><block type=\"text\"><field name=\"TEXT\">3</field></block></value></block></value><value name=\"B\"><block inline=\"false\" type=\"math_binary_ops\"><field name=\"OP\">EQ</field><value name=\"A\"><block type=\"variables_get_number\"><mutation xmlns=\"http://www.w3.org/1999/xhtml\" has_entity=\"true\" is_player_var=\"true\"/><field name=\"VAR\">global:JumpscareVariant</field><value name=\"entity\"><block type=\"entity_from_deps\"/></value></block></value><value name=\"B\"><block type=\"math_number\"><field name=\"NUM\">3</field></block></value></block></value></block></value><statement name=\"DO2\"><block type=\"call_procedure\"><field name=\"procedure\">Jump3Procedure</field><next><block type=\"play_sound\"><field name=\"sound\">CUSTOM:horror.jumpscare.short</field><field name=\"soundcategory\">hostile</field><value name=\"x\"><block type=\"coord_x\"/></value><value name=\"y\"><block type=\"coord_y\"/></value><value name=\"z\"><block type=\"coord_z\"/></value><value name=\"level\"><block type=\"math_number\"><field name=\"NUM\">5</field></block></value><value name=\"pitch\"><block type=\"math_number\"><field name=\"NUM\">1</field></block></value><next><block type=\"controls_if\"><mutation else=\"1\"/><value name=\"IF0\"><block type=\"logic_binary_ops\"><field name=\"OP\">EQ</field><value name=\"A\"><block type=\"variables_get_logic\"><mutation xmlns=\"http://www.w3.org/1999/xhtml\" has_entity=\"false\" is_player_var=\"false\"/><field name=\"VAR\">global:Jumpscare_Cooldown</field></block></value><value name=\"B\"><block type=\"logic_boolean\"><field name=\"BOOL\">TRUE</field></block></value></block></value><statement name=\"DO0\"><block type=\"wait\"><value name=\"ticks\"><block type=\"math_number\"><field name=\"NUM\">1200</field></block></value><statement name=\"do\"><block type=\"variables_set_number\"><mutation xmlns=\"http://www.w3.org/1999/xhtml\" has_entity=\"true\" is_player_var=\"true\"/><field name=\"VAR\">global:JumpscareVariant</field><value name=\"VAL\"><block type=\"math_number\"><field name=\"NUM\">0</field></block></value><value name=\"entity\"><block type=\"entity_from_deps\"/></value><next><block type=\"variables_set_number\"><mutation xmlns=\"http://www.w3.org/1999/xhtml\" has_entity=\"true\" is_player_var=\"true\"/><field name=\"VAR\">global:Jumpscare_CD</field><value name=\"VAL\"><block type=\"math_number\"><field name=\"NUM\">0</field></block></value><value name=\"entity\"><block type=\"entity_from_deps\"/></value></block></next></block></statement></block></statement><statement name=\"ELSE\"><block type=\"wait\"><value name=\"ticks\"><block type=\"math_number\"><field name=\"NUM\">20</field></block></value><statement name=\"do\"><block type=\"variables_set_number\"><mutation xmlns=\"http://www.w3.org/1999/xhtml\" has_entity=\"true\" is_player_var=\"true\"/><field name=\"VAR\">global:JumpscareVariant</field><value name=\"VAL\"><block type=\"math_number\"><field name=\"NUM\">0</field></block></value><value name=\"entity\"><block type=\"entity_from_deps\"/></value><next><block type=\"variables_set_number\"><mutation xmlns=\"http://www.w3.org/1999/xhtml\" has_entity=\"true\" is_player_var=\"true\"/><field name=\"VAR\">global:Jumpscare_CD</field><value name=\"VAL\"><block type=\"math_number\"><field name=\"NUM\">0</field></block></value><value name=\"entity\"><block type=\"entity_from_deps\"/></value></block></next></block></statement></block></statement></block></next></block></next></block></statement><value name=\"IF3\"><block inline=\"false\" type=\"logic_binary_ops\"><field name=\"OP\">OR</field><value name=\"A\"><block type=\"text_binary_ops\"><value name=\"A\"><block type=\"get_command_parameters\"><field name=\"paramid\">1</field></block></value><value name=\"B\"><block type=\"text\"><field name=\"TEXT\">4</field></block></value></block></value><value name=\"B\"><block inline=\"false\" type=\"math_binary_ops\"><field name=\"OP\">EQ</field><value name=\"A\"><block type=\"variables_get_number\"><mutation xmlns=\"http://www.w3.org/1999/xhtml\" has_entity=\"true\" is_player_var=\"true\"/><field name=\"VAR\">global:JumpscareVariant</field><value name=\"entity\"><block type=\"entity_from_deps\"/></value></block></value><value name=\"B\"><block type=\"math_number\"><field name=\"NUM\">4</field></block></value></block></value></block></value><statement name=\"DO3\"><block type=\"call_procedure\"><field name=\"procedure\">Jump4Procedure</field><next><block type=\"play_sound\"><field name=\"sound\">CUSTOM:horror.jumpscare.short</field><field name=\"soundcategory\">hostile</field><value name=\"x\"><block type=\"coord_x\"/></value><value name=\"y\"><block type=\"coord_y\"/></value><value name=\"z\"><block type=\"coord_z\"/></value><value name=\"level\"><block type=\"math_number\"><field name=\"NUM\">5</field></block></value><value name=\"pitch\"><block type=\"math_number\"><field name=\"NUM\">1</field></block></value><next><block type=\"controls_if\"><mutation else=\"1\"/><value name=\"IF0\"><block type=\"logic_binary_ops\"><field name=\"OP\">EQ</field><value name=\"A\"><block type=\"variables_get_logic\"><mutation xmlns=\"http://www.w3.org/1999/xhtml\" has_entity=\"false\" is_player_var=\"false\"/><field name=\"VAR\">global:Jumpscare_Cooldown</field></block></value><value name=\"B\"><block type=\"logic_boolean\"><field name=\"BOOL\">TRUE</field></block></value></block></value><statement name=\"DO0\"><block type=\"wait\"><value name=\"ticks\"><block type=\"math_number\"><field name=\"NUM\">1200</field></block></value><statement name=\"do\"><block type=\"variables_set_number\"><mutation xmlns=\"http://www.w3.org/1999/xhtml\" has_entity=\"true\" is_player_var=\"true\"/><field name=\"VAR\">global:JumpscareVariant</field><value name=\"VAL\"><block type=\"math_number\"><field name=\"NUM\">0</field></block></value><value name=\"entity\"><block type=\"entity_from_deps\"/></value><next><block type=\"variables_set_number\"><mutation xmlns=\"http://www.w3.org/1999/xhtml\" has_entity=\"true\" is_player_var=\"true\"/><field name=\"VAR\">global:Jumpscare_CD</field><value name=\"VAL\"><block type=\"math_number\"><field name=\"NUM\">0</field></block></value><value name=\"entity\"><block type=\"entity_from_deps\"/></value></block></next></block></statement></block></statement><statement name=\"ELSE\"><block type=\"wait\"><value name=\"ticks\"><block type=\"math_number\"><field name=\"NUM\">20</field></block></value><statement name=\"do\"><block type=\"variables_set_number\"><mutation xmlns=\"http://www.w3.org/1999/xhtml\" has_entity=\"true\" is_player_var=\"true\"/><field name=\"VAR\">global:JumpscareVariant</field><value name=\"VAL\"><block type=\"math_number\"><field name=\"NUM\">0</field></block></value><value name=\"entity\"><block type=\"entity_from_deps\"/></value><next><block type=\"variables_set_number\"><mutation xmlns=\"http://www.w3.org/1999/xhtml\" has_entity=\"true\" is_player_var=\"true\"/><field name=\"VAR\">global:Jumpscare_CD</field><value name=\"VAL\"><block type=\"math_number\"><field name=\"NUM\">0</field></block></value><value name=\"entity\"><block type=\"entity_from_deps\"/></value></block></next></block></statement></block></statement></block></next></block></next></block></statement><value name=\"IF4\"><block inline=\"false\" type=\"logic_binary_ops\"><field name=\"OP\">OR</field><value name=\"A\"><block type=\"text_binary_ops\"><value name=\"A\"><block type=\"get_command_parameters\"><field name=\"paramid\">1</field></block></value><value name=\"B\"><block type=\"text\"><field name=\"TEXT\">5</field></block></value></block></value><value name=\"B\"><block inline=\"false\" type=\"math_binary_ops\"><field name=\"OP\">EQ</field><value name=\"A\"><block type=\"variables_get_number\"><mutation xmlns=\"http://www.w3.org/1999/xhtml\" has_entity=\"true\" is_player_var=\"true\"/><field name=\"VAR\">global:JumpscareVariant</field><value name=\"entity\"><block type=\"entity_from_deps\"/></value></block></value><value name=\"B\"><block type=\"math_number\"><field name=\"NUM\">5</field></block></value></block></value></block></value><statement name=\"DO4\"><block type=\"call_procedure\"><field name=\"procedure\">Jump5Procedure</field><next><block type=\"play_sound\"><field name=\"sound\">CUSTOM:horror.jumpscare.short</field><field name=\"soundcategory\">hostile</field><value name=\"x\"><block type=\"coord_x\"/></value><value name=\"y\"><block type=\"coord_y\"/></value><value name=\"z\"><block type=\"coord_z\"/></value><value name=\"level\"><block type=\"math_number\"><field name=\"NUM\">5</field></block></value><value name=\"pitch\"><block type=\"math_number\"><field name=\"NUM\">1</field></block></value><next><block type=\"controls_if\"><mutation else=\"1\"/><value name=\"IF0\"><block type=\"logic_binary_ops\"><field name=\"OP\">EQ</field><value name=\"A\"><block type=\"variables_get_logic\"><mutation xmlns=\"http://www.w3.org/1999/xhtml\" has_entity=\"false\" is_player_var=\"false\"/><field name=\"VAR\">global:Jumpscare_Cooldown</field></block></value><value name=\"B\"><block type=\"logic_boolean\"><field name=\"BOOL\">TRUE</field></block></value></block></value><statement name=\"DO0\"><block type=\"wait\"><value name=\"ticks\"><block type=\"math_number\"><field name=\"NUM\">1200</field></block></value><statement name=\"do\"><block type=\"variables_set_number\"><mutation xmlns=\"http://www.w3.org/1999/xhtml\" has_entity=\"true\" is_player_var=\"true\"/><field name=\"VAR\">global:JumpscareVariant</field><value name=\"VAL\"><block type=\"math_number\"><field name=\"NUM\">0</field></block></value><value name=\"entity\"><block type=\"entity_from_deps\"/></value><next><block type=\"variables_set_number\"><mutation xmlns=\"http://www.w3.org/1999/xhtml\" has_entity=\"true\" is_player_var=\"true\"/><field name=\"VAR\">global:Jumpscare_CD</field><value name=\"VAL\"><block type=\"math_number\"><field name=\"NUM\">0</field></block></value><value name=\"entity\"><block type=\"entity_from_deps\"/></value></block></next></block></statement></block></statement><statement name=\"ELSE\"><block type=\"wait\"><value name=\"ticks\"><block type=\"math_number\"><field name=\"NUM\">20</field></block></value><statement name=\"do\"><block type=\"variables_set_number\"><mutation xmlns=\"http://www.w3.org/1999/xhtml\" has_entity=\"true\" is_player_var=\"true\"/><field name=\"VAR\">global:JumpscareVariant</field><value name=\"VAL\"><block type=\"math_number\"><field name=\"NUM\">0</field></block></value><value name=\"entity\"><block type=\"entity_from_deps\"/></value><next><block type=\"variables_set_number\"><mutation xmlns=\"http://www.w3.org/1999/xhtml\" has_entity=\"true\" is_player_var=\"true\"/><field name=\"VAR\">global:Jumpscare_CD</field><value name=\"VAL\"><block type=\"math_number\"><field name=\"NUM\">0</field></block></value><value name=\"entity\"><block type=\"entity_from_deps\"/></value></block></next></block></statement></block></statement></block></next></block></next></block></statement></block></next></block></next></block></next></block></next></block></statement><value name=\"IF1\"><block inline=\"false\" type=\"logic_binary_ops\"><field name=\"OP\">OR</field><value name=\"A\"><block inline=\"false\" type=\"math_binary_ops\"><field name=\"OP\">NEQ</field><value name=\"A\"><block type=\"variables_get_number\"><mutation xmlns=\"http://www.w3.org/1999/xhtml\" has_entity=\"true\" is_player_var=\"true\"/><field name=\"VAR\">global:Jumpscare_CD</field><value name=\"entity\"><block type=\"entity_from_deps\"/></value></block></value><value name=\"B\"><block type=\"math_number\"><field name=\"NUM\">0</field></block></value></block></value><value name=\"B\"><block inline=\"false\" type=\"math_binary_ops\"><field name=\"OP\">NEQ</field><value name=\"A\"><block type=\"variables_get_number\"><mutation xmlns=\"http://www.w3.org/1999/xhtml\" has_entity=\"true\" is_player_var=\"true\"/><field name=\"VAR\">global:JumpscareVariant</field><value name=\"entity\"><block type=\"entity_from_deps\"/></value></block></value><value name=\"B\"><block type=\"math_number\"><field name=\"NUM\">0</field></block></value></block></value></block></value><statement name=\"DO1\"><block type=\"play_sound\"><field name=\"sound\">CUSTOM:horror.jumpscare.criminal</field><field name=\"soundcategory\">ambient</field><value name=\"x\"><block type=\"coord_x\"/></value><value name=\"y\"><block type=\"coord_y\"/></value><value name=\"z\"><block type=\"coord_z\"/></value><value name=\"level\"><block type=\"math_number\"><field name=\"NUM\">2</field></block></value><value name=\"pitch\"><block type=\"math_number\"><field name=\"NUM\">1</field></block></value><next><block type=\"entity_send_chat\"><value name=\"text\"><block type=\"text\"><field name=\"TEXT\">:)</field></block></value><value name=\"entity\"><block type=\"entity_from_deps\"/></value><value name=\"actbar\"><block type=\"logic_boolean\"><field name=\"BOOL\">TRUE</field></block></value><next><block type=\"execute_command\"><value name=\"command\"><block type=\"text\"><field name=\"TEXT\">tellraw @p {\"text\":\"Unknown command. Type /jumpscare help for help\",\"color\":\"#F4FF00\"}</field></block></value><value name=\"x\"><block type=\"coord_x\"/></value><value name=\"y\"><block type=\"coord_y\"/></value><value name=\"z\"><block type=\"coord_z\"/></value></block></next></block></next></block></statement></block></statement></block></statement><value name=\"IF1\"><block type=\"logic_binary_ops\"><field name=\"OP\">EQ</field><value name=\"A\"><block type=\"world_data_logic_getgamerule\"><field name=\"gamerulesboolean\">CUSTOM:Jumpscares</field></block></value><value name=\"B\"><block type=\"logic_boolean\"><field name=\"BOOL\">FALSE</field></block></value></block></value><statement name=\"DO1\"><block type=\"execute_command\"><value name=\"command\"><block type=\"text\"><field name=\"TEXT\">tellraw @p {\"text\":\"Gamerule Jumpscares is deactivated. Set it to True it to activate jumpscares\",\"color\":\"#F4FF00\"}</field></block></value><value name=\"x\"><block type=\"coord_x\"/></value><value name=\"y\"><block type=\"coord_y\"/></value><value name=\"z\"><block type=\"coord_z\"/></value></block></statement></block></next></block></xml>"
  }
}