{
  "_fv": 39,
  "_type": "enchantment",
  "definition": {
    "name": "Committed",
    "type": "WEAPON",
    "rarity": "RARE",
    "minLevel": 1,
    "maxLevel": 1,
    "damageModifier": 0,
    "compatibleEnchantments": [
      {
        "value": "CUSTOM:SaberSwing"
      },
      {
        "value": "CUSTOM:DyingPan"
      },
      {
        "value": "CUSTOM:Reconstruction"
      },
      {
        "value": "CUSTOM:Conjuring"
      },
      {
        "value": "CUSTOM:Replenishment"
      },
      {
        "value": "CUSTOM:Efficacy"
      },
      {
        "value": "CUSTOM:Slicing"
      },
      {
        "value": "CUSTOM:STAB"
      },
      {
        "value": "CUSTOM:Committed"
      },
      {
        "value": "PROTECTION"
      },
      {
        "value": "FIRE_PROTECTION"
      },
      {
        "value": "FEATHER_FALLING"
      },
      {
        "value": "BLAST_PROTECTION"
      },
      {
        "value": "PROJECTILE_PROTECTION"
      },
      {
        "value": "RESPIRATION"
      },
      {
        "value": "AQUA_AFFINITY"
      },
      {
        "value": "THORNS"
      },
      {
        "value": "DEPTH_STRIDER"
      },
      {
        "value": "FROST_WALKER"
      },
      {
        "value": "BINDING_CURSE"
      },
      {
        "value": "SHARPNESS"
      },
      {
        "value": "SMITE"
      },
      {
        "value": "BANE_OF_ARTHROPODS"
      },
      {
        "value": "KNOCKBACK"
      },
      {
        "value": "FIRE_ASPECT"
      },
      {
        "value": "LOOTING"
      },
      {
        "value": "SWEEPING"
      },
      {
        "value": "EFFICIENCY"
      },
      {
        "value": "SILK_TOUCH"
      },
      {
        "value": "UNBREAKING"
      },
      {
        "value": "FORTUNE"
      },
      {
        "value": "POWER"
      },
      {
        "value": "PUNCH"
      },
      {
        "value": "FLAME"
      },
      {
        "value": "INFINITY"
      },
      {
        "value": "LUCK_OF_THE_SEA"
      },
      {
        "value": "LURE"
      },
      {
        "value": "LOYALTY"
      },
      {
        "value": "IMPALING"
      },
      {
        "value": "RIPTIDE"
      },
      {
        "value": "CHANNELING"
      },
      {
        "value": "MULTISHOT"
      },
      {
        "value": "QUICK_CHARGE"
      },
      {
        "value": "PIERCING"
      },
      {
        "value": "MENDING"
      },
      {
        "value": "VANISHING_CURSE"
      },
      {
        "value": "SOUL_SPEED"
      }
    ],
    "excludeEnchantments": false,
    "compatibleItems": [],
    "excludeItems": false,
    "isTreasureEnchantment": false,
    "isCurse": false,
    "isAllowedOnBooks": true,
    "canGenerateInLootTables": true,
    "canVillagerTrade": true
  }
}