{
  "_fv": 39,
  "_type": "enchantment",
  "definition": {
    "name": "Conjuring",
    "type": "BREAKABLE",
    "rarity": "UNCOMMON",
    "minLevel": 1,
    "maxLevel": 1,
    "damageModifier": 0,
    "compatibleEnchantments": [
      {
        "value": "UNBREAKING"
      }
    ],
    "excludeEnchantments": false,
    "compatibleItems": [
      {
        "value": "CUSTOM:Dirtrod"
      }
    ],
    "excludeItems": false,
    "isTreasureEnchantment": false,
    "isCurse": false,
    "isAllowedOnBooks": true,
    "canGenerateInLootTables": true,
    "canVillagerTrade": true
  }
}