{
  "_fv": 39,
  "_type": "recipe",
  "definition": {
    "recipeType": "Smithing",
    "xpReward": 0.0,
    "cookingTime": 200,
    "recipeRetstackSize": 1,
    "group": "",
    "recipeShapeless": false,
    "smithingInputStack": {
      "value": "Items.AMETHYST_SHARD"
    },
    "smithingInputAdditionStack": {
      "value": "Items.DYE#11"
    },
    "smithingReturnStack": {
      "value": "CUSTOM:CrystalYellow"
    },
    "name": "crystal_recipe_yellow",
    "namespace": "mod"
  }
}