{
  "_fv": 39,
  "_type": "recipe",
  "definition": {
    "recipeType": "Smithing",
    "xpReward": 0.0,
    "cookingTime": 200,
    "recipeRetstackSize": 1,
    "group": "",
    "recipeShapeless": false,
    "smithingInputStack": {
      "value": "Items.NETHERITE_SWORD"
    },
    "smithingInputAdditionStack": {
      "value": "CUSTOM:ReactorCore"
    },
    "smithingReturnStack": {
      "value": "CUSTOM:Diamondsaber"
    },
    "name": "diamond_saber_recipe",
    "namespace": "mod"
  }
}