{
  "_fv": 39,
  "_type": "biome",
  "definition": {
    "name": "Domain",
    "groundBlock": {
      "value": "Blocks.AIR"
    },
    "undergroundBlock": {
      "value": "Blocks.AIR"
    },
    "underwaterBlock": {
      "value": ""
    },
    "airColor": {
      "value": -65536,
      "falpha": 0.0
    },
    "ambientSound": {
      "value": ""
    },
    "additionsSound": {
      "value": ""
    },
    "music": {
      "value": "CUSTOM:music.dorime"
    },
    "moodSound": {
      "value": ""
    },
    "moodSoundDelay": 6000,
    "spawnParticles": false,
    "particleToSpawn": {
      "value": "EXPLOSION_NORMAL"
    },
    "particlesProbability": 0.5,
    "rainingPossibility": 0.5,
    "temperature": 0.5,
    "spawnBiome": false,
    "spawnInCaves": false,
    "spawnBiomeNether": false,
    "genTemperature": {
      "min": 0.0,
      "max": 0.0
    },
    "genHumidity": {
      "min": 0.0,
      "max": 0.0
    },
    "genContinentalness": {
      "min": 0.51,
      "max": 0.51
    },
    "genErosion": {
      "min": 0.8,
      "max": 0.8
    },
    "genWeirdness": {
      "min": -0.09966509833166581,
      "max": -0.09966509833166581
    },
    "grassPerChunk": 0,
    "seagrassPerChunk": 0,
    "flowersPerChunk": 0,
    "mushroomsPerChunk": 0,
    "bigMushroomsChunk": 0,
    "sandPatchesPerChunk": 0,
    "gravelPatchesPerChunk": 0,
    "reedsPerChunk": 0,
    "cactiPerChunk": 0,
    "treesPerChunk": 0,
    "vanillaTreeType": "Default",
    "treeType": 0,
    "minHeight": 7,
    "treeStem": {
      "value": ""
    },
    "treeBranch": {
      "value": ""
    },
    "treeVines": {
      "value": ""
    },
    "treeFruits": {
      "value": ""
    },
    "spawnStronghold": false,
    "spawnMineshaft": false,
    "spawnMineshaftMesa": false,
    "spawnPillagerOutpost": false,
    "villageType": "none",
    "spawnWoodlandMansion": false,
    "spawnJungleTemple": false,
    "spawnDesertPyramid": false,
    "spawnSwampHut": false,
    "spawnIgloo": false,
    "spawnOceanMonument": false,
    "spawnShipwreck": false,
    "spawnShipwreckBeached": false,
    "spawnBuriedTreasure": false,
    "oceanRuinType": "NONE",
    "spawnNetherBridge": false,
    "spawnNetherFossil": false,
    "spawnBastionRemnant": false,
    "spawnEndCity": false,
    "spawnRuinedPortal": "NONE",
    "defaultFeatures": [],
    "spawnEntries": []
  }
}