{
  "_fv": 39,
  "_type": "tag",
  "definition": {
    "type": "Items",
    "items": [
      {
        "value": "CUSTOM:DripArmor.helmet"
      },
      {
        "value": "CUSTOM:DripArmor.body"
      },
      {
        "value": "CUSTOM:DripArmor.legs"
      },
      {
        "value": "CUSTOM:DripArmor.boots"
      },
      {
        "value": "CUSTOM:CarbonArmor.helmet"
      },
      {
        "value": "CUSTOM:CarbonArmor.body"
      },
      {
        "value": "CUSTOM:CarbonArmor.legs"
      },
      {
        "value": "CUSTOM:CarbonArmor.boots"
      },
      {
        "value": "CUSTOM:ObsidianArmor.helmet"
      },
      {
        "value": "CUSTOM:ObsidianArmor.body"
      },
      {
        "value": "CUSTOM:ObsidianArmor.legs"
      },
      {
        "value": "CUSTOM:ObsidianArmor.boots"
      }
    ],
    "blocks": [],
    "functions": [],
    "entities": [],
    "name": "drippy",
    "namespace": "forge"
  }
}