{
  "_fv": 39,
  "_type": "enchantment",
  "definition": {
    "name": "Dying Pan",
    "type": "BREAKABLE",
    "rarity": "UNCOMMON",
    "minLevel": 1,
    "maxLevel": 2,
    "damageModifier": 0,
    "compatibleEnchantments": [
      {
        "value": "CUSTOM:DyingPan"
      },
      {
        "value": "UNBREAKING"
      }
    ],
    "excludeEnchantments": false,
    "compatibleItems": [
      {
        "value": "CUSTOM:FryingPan"
      }
    ],
    "excludeItems": false,
    "isTreasureEnchantment": false,
    "isCurse": false,
    "isAllowedOnBooks": true,
    "canGenerateInLootTables": true,
    "canVillagerTrade": true
  }
}