{
  "_fv": 39,
  "_type": "biome",
  "definition": {
    "name": "Eerie",
    "groundBlock": {
      "value": "Blocks.GRASS"
    },
    "undergroundBlock": {
      "value": "Blocks.DIRT#0"
    },
    "underwaterBlock": {
      "value": ""
    },
    "airColor": {
      "value": -12960964,
      "falpha": 0.0
    },
    "grassColor": {
      "value": -13025996,
      "falpha": 0.0
    },
    "foliageColor": {
      "value": -13618649,
      "falpha": 0.0
    },
    "waterColor": {
      "value": -8419183,
      "falpha": 0.0
    },
    "waterFogColor": {
      "value": -8879977,
      "falpha": 0.0
    },
    "ambientSound": {
      "value": ""
    },
    "additionsSound": {
      "value": "ambient.cave"
    },
    "music": {
      "value": "CUSTOM:music.eerie"
    },
    "moodSound": {
      "value": "CUSTOM:ambient.eerie"
    },
    "moodSoundDelay": 20000,
    "spawnParticles": false,
    "particleToSpawn": {
      "value": "ASH"
    },
    "particlesProbability": 0.5,
    "rainingPossibility": 0.7,
    "temperature": 1.0,
    "spawnBiome": true,
    "spawnInCaves": false,
    "spawnBiomeNether": false,
    "genTemperature": {
      "min": -0.6666666666666667,
      "max": 1.3333333333333333
    },
    "genHumidity": {
      "min": -0.6000000000000001,
      "max": 1.4
    },
    "genContinentalness": {
      "min": -0.49,
      "max": 1.51
    },
    "genErosion": {
      "min": -0.19999999999999996,
      "max": 1.8
    },
    "genWeirdness": {
      "min": -0.22349175447375114,
      "max": 1.7765082455262489
    },
    "grassPerChunk": 7,
    "seagrassPerChunk": 0,
    "flowersPerChunk": 0,
    "mushroomsPerChunk": 0,
    "bigMushroomsChunk": 0,
    "sandPatchesPerChunk": 0,
    "gravelPatchesPerChunk": 1,
    "reedsPerChunk": 0,
    "cactiPerChunk": 0,
    "treesPerChunk": 20,
    "vanillaTreeType": "Savanna trees",
    "treeType": 1,
    "minHeight": 7,
    "treeStem": {
      "value": "CUSTOM:DeadwoodLog"
    },
    "treeBranch": {
      "value": "CUSTOM:DeadwoodLeaves"
    },
    "treeVines": {
      "value": ""
    },
    "treeFruits": {
      "value": "Blocks.AIR"
    },
    "spawnStronghold": true,
    "spawnMineshaft": false,
    "spawnMineshaftMesa": true,
    "spawnPillagerOutpost": true,
    "villageType": "none",
    "spawnWoodlandMansion": true,
    "spawnJungleTemple": false,
    "spawnDesertPyramid": false,
    "spawnSwampHut": true,
    "spawnIgloo": false,
    "spawnOceanMonument": false,
    "spawnShipwreck": false,
    "spawnShipwreckBeached": false,
    "spawnBuriedTreasure": false,
    "oceanRuinType": "NONE",
    "spawnNetherBridge": false,
    "spawnNetherFossil": false,
    "spawnBastionRemnant": false,
    "spawnEndCity": false,
    "spawnRuinedPortal": "NONE",
    "defaultFeatures": [
      "Caves",
      "Ores",
      "Lakes",
      "Dripstone",
      "DeadBushes",
      "ExtraEmeraldOre",
      "TaigaRocks"
    ],
    "spawnEntries": [
      {
        "entity": {
          "value": "CUSTOM:GhostSpider"
        },
        "minGroup": 1,
        "maxGroup": 5,
        "weight": 20,
        "spawnType": "monster"
      },
      {
        "entity": {
          "value": "CUSTOM:Sirenhead"
        },
        "minGroup": 1,
        "maxGroup": 1,
        "weight": 20,
        "spawnType": "monster"
      },
      {
        "entity": {
          "value": "CUSTOM:MimicEntity"
        },
        "minGroup": 1,
        "maxGroup": 4,
        "weight": 20,
        "spawnType": "monster"
      },
      {
        "entity": {
          "value": "EntityEnderman"
        },
        "minGroup": 1,
        "maxGroup": 4,
        "weight": 20,
        "spawnType": "monster"
      },
      {
        "entity": {
          "value": "EntityVindicator"
        },
        "minGroup": 1,
        "maxGroup": 1,
        "weight": 20,
        "spawnType": "monster"
      },
      {
        "entity": {
          "value": "EntityStray"
        },
        "minGroup": 1,
        "maxGroup": 4,
        "weight": 20,
        "spawnType": "monster"
      },
      {
        "entity": {
          "value": "EntitySpider"
        },
        "minGroup": 2,
        "maxGroup": 3,
        "weight": 20,
        "spawnType": "monster"
      }
    ]
  }
}