{
  "_fv": 39,
  "_type": "recipe",
  "definition": {
    "recipeType": "Crafting",
    "xpReward": 0.0,
    "cookingTime": 200,
    "recipeRetstackSize": 10,
    "group": "",
    "recipeShapeless": false,
    "recipeSlots": [
      {
        "value": "CUSTOM:Eggshell"
      },
      {
        "value": "CUSTOM:Eggshell"
      },
      {
        "value": "CUSTOM:Eggshell"
      },
      {
        "value": "CUSTOM:Eggshell"
      },
      {
        "value": "CUSTOM:Eggshell"
      },
      {
        "value": "CUSTOM:Eggshell"
      },
      {
        "value": "CUSTOM:Eggshell"
      },
      {
        "value": "CUSTOM:Eggshell"
      },
      {
        "value": "CUSTOM:Eggshell"
      }
    ],
    "recipeReturnStack": {
      "value": "Items.DYE#15"
    },
    "name": "eggshell_bonemeal",
    "namespace": "mod"
  }
}