{
  "_fv": 39,
  "_type": "procedure",
  "definition": {
    "procedurexml": "<?xml version=\"1.0\" encoding=\"UTF-8\" standalone=\"no\"?><xml xmlns=\"https://developers.google.com/blockly/xml\"><block deletable=\"false\" type=\"event_trigger\" x=\"0\" y=\"0\"><field name=\"trigger\">no_ext_trigger</field><next><block type=\"controls_if\"><value name=\"IF0\"><block type=\"text_binary_ops\"><value name=\"A\"><block type=\"get_command_parameter_string\"><field name=\"param\">help</field></block></value><value name=\"B\"><block type=\"text\"><field name=\"TEXT\">help</field></block></value></block></value><statement name=\"DO0\"><block type=\"execute_command\"><value name=\"command\"><block type=\"text\"><field name=\"TEXT\">tellraw @p {\"text\":\"/explode &lt;location&gt; &lt;explosion power&gt; &lt;x&gt; &lt;y&gt; &lt;z&gt;\",\"color\":\"#FFFF00\"}</field></block></value><value name=\"x\"><block type=\"coord_x\"/></value><value name=\"y\"><block type=\"coord_y\"/></value><value name=\"z\"><block type=\"coord_z\"/></value><next><block type=\"execute_command\"><value name=\"command\"><block type=\"text\"><field name=\"TEXT\">tellraw @p {\"text\":\"/explode &lt;here&gt; &lt;explosion power&gt;\",\"color\":\"#FFFF00\"}</field></block></value><value name=\"x\"><block type=\"coord_x\"/></value><value name=\"y\"><block type=\"coord_y\"/></value><value name=\"z\"><block type=\"coord_z\"/></value><next><block type=\"execute_command\"><value name=\"command\"><block type=\"text\"><field name=\"TEXT\">tellraw @p {\"text\":\"/explode &lt;help&gt;\",\"color\":\"#FFFF00\"}</field></block></value><value name=\"x\"><block type=\"coord_x\"/></value><value name=\"y\"><block type=\"coord_y\"/></value><value name=\"z\"><block type=\"coord_z\"/></value></block></next></block></next></block></statement></block></next></block></xml>"
  }
}