{
  "_fv": 39,
  "_type": "rangeditem",
  "definition": {
    "renderType": 0,
    "texture": "fire_wand",
    "customModelName": "Normal",
    "name": "Fire Scepter",
    "specialInfo": [],
    "creativeTab": {
      "value": "CUSTOM:Crtabcombat"
    },
    "stackSize": 1,
    "ammoItem": {
      "value": ""
    },
    "shootConstantly": true,
    "usageCount": 0,
    "actionSound": {
      "value": "entity.blaze.shoot"
    },
    "hasGlow": false,
    "animation": "spear",
    "enableMeleeDamage": true,
    "damageVsEntity": 3.0,
    "onRangedItemUsed": {
      "name": "MagicWandItemUsed"
    },
    "bulletPower": 1.0,
    "bulletDamage": 0.0,
    "bulletKnockback": 0,
    "bulletParticles": false,
    "bulletIgnitesFire": false,
    "bulletItemTexture": {
      "value": "CUSTOM:SoulFright"
    },
    "bulletModel": "Default",
    "customBulletModelTexture": "",
    "onBulletHitsBlock": {
      "name": "FireScepterProjectileHitsBlock"
    },
    "onBulletHitsEntity": {
      "name": "FireScepterProjectileHitsLivingEntity"
    }
  }
}