{
  "_fv": 39,
  "_type": "armor",
  "definition": {
    "enableHelmet": true,
    "textureHelmet": "ghillie_head",
    "enableBody": true,
    "textureBody": "ghillie_body",
    "enableLeggings": true,
    "textureLeggings": "ghillie_leggings",
    "enableBoots": true,
    "textureBoots": "ghillie_boots",
    "creativeTab": {
      "value": "CUSTOM:Crtabcombat"
    },
    "armorTextureFile": "leaf_",
    "helmetName": "Ghillie Suit Headpice",
    "bodyName": "Ghillie Suit Chestpiece",
    "leggingsName": "Ghillie Suit Leggings",
    "bootsName": "Ghillie Suit Boots",
    "helmetSpecialInfo": [],
    "bodySpecialInfo": [],
    "leggingsSpecialInfo": [],
    "bootsSpecialInfo": [],
    "helmetModelName": "Default",
    "helmetModelPart": "Helmet",
    "helmetModelTexture": "From armor",
    "bodyModelName": "Default",
    "bodyModelPart": "Body",
    "armsModelPartL": "Arms L",
    "armsModelPartR": "Arms R",
    "bodyModelTexture": "From armor",
    "leggingsModelName": "Default",
    "leggingsModelPartL": "Leggings L",
    "leggingsModelPartR": "Leggings R",
    "leggingsModelTexture": "From armor",
    "bootsModelName": "Default",
    "bootsModelPartL": "Boots L",
    "bootsModelPartR": "Boots R",
    "bootsModelTexture": "From armor",
    "helmetItemRenderType": 0,
    "helmetItemCustomModelName": "Normal",
    "bodyItemRenderType": 0,
    "bodyItemCustomModelName": "Normal",
    "leggingsItemRenderType": 0,
    "leggingsItemCustomModelName": "Normal",
    "bootsItemRenderType": 0,
    "bootsItemCustomModelName": "Normal",
    "helmetImmuneToFire": false,
    "bodyImmuneToFire": false,
    "leggingsImmuneToFire": false,
    "bootsImmuneToFire": false,
    "maxDamage": 5,
    "damageValueHelmet": 1,
    "damageValueBody": 2,
    "damageValueLeggings": 2,
    "damageValueBoots": 1,
    "enchantability": 0,
    "toughness": 0.0,
    "knockbackResistance": 0.0,
    "equipSound": {
      "value": "block.azalea_leaves.place"
    },
    "repairItems": [
      {
        "value": "CUSTOM:MahoganyLeaves"
      },
      {
        "value": "CUSTOM:CherryLeaves"
      },
      {
        "value": "CUSTOM:PalmWoodLeaves"
      },
      {
        "value": "Blocks.LEAVES"
      },
      {
        "value": "Blocks.LEAVES#0"
      },
      {
        "value": "Blocks.LEAVES#1"
      },
      {
        "value": "Blocks.LEAVES#2"
      },
      {
        "value": "Blocks.LEAVES#3"
      },
      {
        "value": "Blocks.LEAVES2"
      },
      {
        "value": "Blocks.LEAVES2#0"
      },
      {
        "value": "Blocks.LEAVES2#1"
      },
      {
        "value": "Blocks.AZALEA_LEAVES"
      },
      {
        "value": "Blocks.FLOWERING_AZALEA_LEAVES"
      }
    ]
  }
}