{
  "_fv": 39,
  "_type": "livingentity",
  "definition": {
    "mobName": "Ghost Spider",
    "mobLabel": "",
    "mobModelName": "Spider",
    "mobModelTexture": "ghostspider.png",
    "mobModelGlowTexture": "ghost_spider_eyes.png",
    "modelWidth": 1.6,
    "modelHeight": 1.2000000000000002,
    "modelShadowSize": 0.5,
    "mountedYOffset": 0.0,
    "hasSpawnEgg": true,
    "spawnEggBaseColor": {
      "value": -7763575,
      "falpha": 0.0
    },
    "spawnEggDotColor": {
      "value": -5776683,
      "falpha": 0.0
    },
    "creativeTab": {
      "value": "CUSTOM:Crtab"
    },
    "isBoss": false,
    "bossBarColor": "PINK",
    "bossBarType": "PROGRESS",
    "equipmentMainHand": {
      "value": ""
    },
    "equipmentOffHand": {
      "value": ""
    },
    "equipmentHelmet": {
      "value": ""
    },
    "equipmentBody": {
      "value": ""
    },
    "equipmentLeggings": {
      "value": ""
    },
    "equipmentBoots": {
      "value": ""
    },
    "mobBehaviourType": "Mob",
    "mobCreatureType": "ARTHROPOD",
    "attackStrength": 2,
    "attackKnockback": 0.30000000000000004,
    "knockbackResistance": 0.1,
    "movementSpeed": 0.4,
    "armorBaseValue": 0.0,
    "trackingRange": 75,
    "followRange": 16,
    "health": 15,
    "xpAmount": 25,
    "waterMob": false,
    "flyingMob": false,
    "guiBoundTo": "<NONE>",
    "inventorySize": 9,
    "inventoryStackSize": 64,
    "disableCollisions": false,
    "ridable": false,
    "canControlForward": false,
    "canControlStrafe": false,
    "immuneToFire": false,
    "immuneToArrows": false,
    "immuneToFallDamage": false,
    "immuneToCactus": false,
    "immuneToDrowning": false,
    "immuneToLightning": false,
    "immuneToPotions": false,
    "immuneToPlayer": false,
    "immuneToExplosion": false,
    "immuneToTrident": false,
    "immuneToAnvil": false,
    "immuneToWither": false,
    "immuneToDragonBreath": false,
    "mobDrop": {
      "value": ""
    },
    "livingSound": {
      "value": "entity.parrot.imitate.spider"
    },
    "hurtSound": {
      "value": "entity.phantom.hurt"
    },
    "deathSound": {
      "value": "entity.vex.death"
    },
    "stepSound": {
      "value": ""
    },
    "hasAI": true,
    "aiBase": "(none)",
    "aixml": "<xml xmlns=\"https://developers.google.com/blockly/xml\"><block type=\"aitasks_container\" deletable=\"false\" x=\"40\" y=\"40\"><next><block type=\"attack_entity\"><field name=\"insight\">FALSE</field><field name=\"nearby\">FALSE</field><field name=\"entity\">EntityPlayer</field><field name=\"condition\">GhostSpiderNight,null</field><next><block type=\"attack_on_collide\"><field name=\"speed\">1.2</field><field name=\"longmemory\">TRUE</field><field name=\"condition\">null,null</field><next><block type=\"wander\"><field name=\"speed\">1</field><field name=\"condition\">null,null</field><next><block type=\"attack_action\"><field name=\"callhelp\">FALSE</field><field name=\"condition\">null,null</field><next><block type=\"look_around\"><field name=\"condition\">null,null</field><next><block type=\"swim_in_water\"><field name=\"condition\">null,null</field></block></next></block></next></block></next></block></next></block></next></block></next></block></xml>",
    "breedable": false,
    "tameable": false,
    "breedTriggerItems": [],
    "ranged": false,
    "rangedAttackItem": {
      "value": ""
    },
    "rangedItemType": "Default item",
    "rangedAttackInterval": 20,
    "rangedAttackRadius": 10.0,
    "spawnThisMob": true,
    "doesDespawnWhenIdle": true,
    "spawningProbability": 15,
    "mobSpawningType": "monster",
    "minNumberOfMobsPerGroup": 3,
    "maxNumberOfMobsPerGroup": 6,
    "restrictionBiomes": [],
    "spawnInDungeons": true
  }
}