{
  "_fv": 39,
  "_type": "armor",
  "definition": {
    "enableHelmet": true,
    "textureHelmet": "nothing",
    "enableBody": true,
    "textureBody": "nothing",
    "enableLeggings": true,
    "textureLeggings": "nothing",
    "enableBoots": true,
    "textureBoots": "nothing",
    "creativeTab": {
      "value": "No creative tab entry"
    },
    "armorTextureFile": "chad_",
    "helmetName": "GigaChad Beard",
    "bodyName": "GigaChad Physique",
    "leggingsName": "Giga Pants",
    "bootsName": "Giga Shoes",
    "helmetSpecialInfo": [],
    "bodySpecialInfo": [],
    "leggingsSpecialInfo": [],
    "bootsSpecialInfo": [],
    "helmetModelName": "Default",
    "helmetModelPart": "Helmet",
    "helmetModelTexture": "From armor",
    "bodyModelName": "Default",
    "bodyModelPart": "Body",
    "armsModelPartL": "Arms L",
    "armsModelPartR": "Arms R",
    "bodyModelTexture": "From armor",
    "leggingsModelName": "Default",
    "leggingsModelPartL": "Leggings L",
    "leggingsModelPartR": "Leggings R",
    "leggingsModelTexture": "From armor",
    "bootsModelName": "Default",
    "bootsModelPartL": "Boots L",
    "bootsModelPartR": "Boots R",
    "bootsModelTexture": "From armor",
    "helmetItemRenderType": 0,
    "helmetItemCustomModelName": "Normal",
    "bodyItemRenderType": 0,
    "bodyItemCustomModelName": "Normal",
    "leggingsItemRenderType": 0,
    "leggingsItemCustomModelName": "Normal",
    "bootsItemRenderType": 0,
    "bootsItemCustomModelName": "Normal",
    "helmetImmuneToFire": false,
    "bodyImmuneToFire": false,
    "leggingsImmuneToFire": false,
    "bootsImmuneToFire": false,
    "maxDamage": 0,
    "damageValueHelmet": 0,
    "damageValueBody": 0,
    "damageValueLeggings": 0,
    "damageValueBoots": 0,
    "enchantability": 0,
    "toughness": 0.0,
    "knockbackResistance": 0.5,
    "equipSound": {
      "value": ""
    },
    "repairItems": []
  }
}