{
  "_fv": 39,
  "_type": "tool",
  "definition": {
    "renderType": 0,
    "texture": "glass_hoe",
    "customModelName": "Normal",
    "name": "Glass Hoe",
    "specialInfo": [
      "Has a chance to explosively 'shatter' during use"
    ],
    "creativeTab": {
      "value": "CUSTOM:Crtab"
    },
    "toolType": "Hoe",
    "harvestLevel": 0,
    "efficiency": 2.0,
    "attackSpeed": 1.0,
    "enchantability": 3,
    "damageVsEntity": 0.0,
    "usageCount": 26,
    "blocksAffected": [],
    "hasGlow": false,
    "repairItems": [
      {
        "value": "Blocks.GLASS"
      }
    ],
    "immuneToFire": false,
    "stayInGridWhenCrafting": false,
    "damageOnCrafting": false
  }
}