{
  "_fv": 39,
  "_type": "tag",
  "definition": {
    "type": "Items",
    "items": [
      {
        "value": "Items.POTIONITEM"
      },
      {
        "value": "Items.BEETROOT_SOUP"
      },
      {
        "value": "Items.MUSHROOM_STEW"
      },
      {
        "value": "Items.SUSPICIOUS_STEW"
      },
      {
        "value": "Items.RABBIT_STEW"
      },
      {
        "value": "Items.MELON"
      },
      {
        "value": "Items.APPLE"
      },
      {
        "value": "CUSTOM:WaterCupGlass"
      },
      {
        "value": "CUSTOM:WaterCupMug"
      },
      {
        "value": "CUSTOM:WaterCup"
      },
      {
        "value": "CUSTOM:WaterGold"
      },
      {
        "value": "Items.MILK_BUCKET"
      }
    ],
    "blocks": [],
    "functions": [],
    "entities": [],
    "name": "hydrated",
    "namespace": "forge"
  }
}