{
  "_fv": 39,
  "_type": "livingentity",
  "definition": {
    "mobName": "Iceologer",
    "mobLabel": "",
    "mobModelName": "Modeliceologer",
    "mobModelTexture": "t_chillager.png",
    "mobModelGlowTexture": "",
    "modelWidth": 0.7,
    "modelHeight": 1.8,
    "modelShadowSize": 0.5,
    "mountedYOffset": 0.0,
    "hasSpawnEgg": true,
    "spawnEggBaseColor": {
      "value": -9290715,
      "falpha": 0.0
    },
    "spawnEggDotColor": {
      "value": -13011823,
      "falpha": 0.0
    },
    "creativeTab": {
      "value": "CUSTOM:Crtab"
    },
    "isBoss": false,
    "bossBarColor": "PINK",
    "bossBarType": "PROGRESS",
    "equipmentMainHand": {
      "value": ""
    },
    "equipmentOffHand": {
      "value": ""
    },
    "equipmentHelmet": {
      "value": ""
    },
    "equipmentBody": {
      "value": ""
    },
    "equipmentLeggings": {
      "value": ""
    },
    "equipmentBoots": {
      "value": ""
    },
    "mobBehaviourType": "Mob",
    "mobCreatureType": "UNDEAD",
    "attackStrength": 6,
    "attackKnockback": 0.0,
    "knockbackResistance": 0.0,
    "movementSpeed": 0.25,
    "armorBaseValue": 20.0,
    "trackingRange": 64,
    "followRange": 16,
    "health": 30,
    "xpAmount": 25,
    "waterMob": false,
    "flyingMob": false,
    "guiBoundTo": "<NONE>",
    "inventorySize": 9,
    "inventoryStackSize": 64,
    "disableCollisions": true,
    "ridable": false,
    "canControlForward": false,
    "canControlStrafe": false,
    "immuneToFire": true,
    "immuneToArrows": false,
    "immuneToFallDamage": false,
    "immuneToCactus": false,
    "immuneToDrowning": false,
    "immuneToLightning": false,
    "immuneToPotions": false,
    "immuneToPlayer": false,
    "immuneToExplosion": false,
    "immuneToTrident": false,
    "immuneToAnvil": false,
    "immuneToWither": false,
    "immuneToDragonBreath": false,
    "mobDrop": {
      "value": "Items.EMERALD"
    },
    "livingSound": {
      "value": "entity.illusion_illager.ambient"
    },
    "hurtSound": {
      "value": "entity.illusion_illager.hurt"
    },
    "deathSound": {
      "value": "entity.illusion_illager.death"
    },
    "stepSound": {
      "value": ""
    },
    "onInitialSpawn": {
      "name": "MobDespawnAether"
    },
    "hasAI": true,
    "aiBase": "(none)",
    "aixml": "<xml xmlns=\"https://developers.google.com/blockly/xml\"><block type=\"aitasks_container\" deletable=\"false\" x=\"40\" y=\"40\"><next><block type=\"attack_on_collide\"><field name=\"speed\">1.2</field><field name=\"longmemory\">FALSE</field><field name=\"condition\">null,null</field><next><block type=\"attack_entity\"><field name=\"insight\">TRUE</field><field name=\"nearby\">FALSE</field><field name=\"entity\">EntityPlayer</field><field name=\"condition\">null,null</field><next><block type=\"attack_action\"><field name=\"callhelp\">FALSE</field><field name=\"condition\">null,null</field><next><block type=\"wander\"><field name=\"speed\">0.8</field><field name=\"condition\">null,null</field><next><block type=\"look_around\"><field name=\"condition\">null,null</field><next><block type=\"doors_break\"><field name=\"condition\">null,null</field><next><block type=\"move_indoors\"><field name=\"condition\">null,null</field><next><block type=\"swim_in_water\"><field name=\"condition\">null,null</field></block></next></block></next></block></next></block></next></block></next></block></next></block></next></block></next></block></xml>",
    "breedable": false,
    "tameable": false,
    "breedTriggerItems": [],
    "ranged": true,
    "rangedAttackItem": {
      "value": ""
    },
    "rangedItemType": "IceWand",
    "rangedAttackInterval": 20,
    "rangedAttackRadius": 10.0,
    "spawnThisMob": true,
    "doesDespawnWhenIdle": true,
    "spawningProbability": 12,
    "mobSpawningType": "monster",
    "minNumberOfMobsPerGroup": 1,
    "maxNumberOfMobsPerGroup": 1,
    "restrictionBiomes": [
      {
        "value": "deep_frozen_ocean"
      },
      {
        "value": "frozen_ocean"
      },
      {
        "value": "frozen_peaks"
      },
      {
        "value": "frozen_river"
      },
      {
        "value": "snowy_slopes"
      },
      {
        "value": "snowy_mountains"
      },
      {
        "value": "snowy_tundra"
      },
      {
        "value": "taiga_cold_hills"
      },
      {
        "value": "mutated_ice_flats"
      }
    ],
    "spawnInDungeons": true
  }
}