{
  "_fv": 24,
  "_type": "biome",
  "definition": {
    "name": "Aether",
    "groundBlock": {
      "value": "CUSTOM:Cloud"
    },
    "undergroundBlock": {
      "value": "CUSTOM:CloudBlockRain"
    },
    "grassColor": {
      "value": -16416192,
      "falpha": 0.0
    },
    "foliageColor": {
      "value": -16746203,
      "falpha": 0.0
    },
    "waterColor": {
      "value": -13421569,
      "falpha": 0.0
    },
    "waterFogColor": {
      "value": -16737793,
      "falpha": 0.0
    },
    "ambientSound": {
      "value": ""
    },
    "additionsSound": {
      "value": ""
    },
    "music": {
      "value": "music.creative"
    },
    "moodSound": {
      "value": ""
    },
    "moodSoundDelay": 6000,
    "spawnParticles": false,
    "particleToSpawn": {
      "value": "CLOUD"
    },
    "particlesProbability": 15.0,
    "biomeCategory": "NONE",
    "parent": {
      "value": "No parent"
    },
    "rainingPossibility": 0.4,
    "temperature": 0.2,
    "baseHeight": 0.1,
    "heightVariation": 0.30000000000000004,
    "biomeType": "WARM",
    "spawnBiome": false,
    "biomeWeight": 12,
    "biomeDictionaryTypes": [
      "MODIFIED",
      "LUSH"
    ],
    "grassPerChunk": 0,
    "seagrassPerChunk": 5,
    "flowersPerChunk": 5,
    "mushroomsPerChunk": 0,
    "bigMushroomsChunk": 0,
    "sandPatchesPerChunk": 0,
    "gravelPatchesPerChunk": 0,
    "reedsPerChunk": 1,
    "cactiPerChunk": 0,
    "treesPerChunk": 3,
    "vanillaTreeType": "Default",
    "treeType": 1,
    "minHeight": 3,
    "treeStem": {
      "value": "Blocks.LOG"
    },
    "treeBranch": {
      "value": "Blocks.LEAVES"
    },
    "treeVines": {
      "value": "Blocks.CAVE_VINES"
    },
    "treeFruits": {
      "value": ""
    },
    "spawnStronghold": false,
    "spawnMineshaft": false,
    "spawnMineshaftMesa": false,
    "spawnPillagerOutpost": false,
    "villageType": "none",
    "spawnWoodlandMansion": false,
    "spawnJungleTemple": false,
    "spawnDesertPyramid": false,
    "spawnSwampHut": false,
    "spawnIgloo": false,
    "spawnOceanMonument": false,
    "spawnShipwreck": false,
    "spawnShipwreckBeached": false,
    "spawnBuriedTreasure": true,
    "oceanRuinType": "NONE",
    "spawnNetherBridge": false,
    "spawnNetherFossil": false,
    "spawnBastionRemnant": false,
    "spawnEndCity": false,
    "spawnRuinedPortal": "NONE",
    "defaultFeatures": [
      "Caves",
      "Ores",
      "FrozenTopLayer"
    ],
    "spawnEntries": [
      {
        "entity": {
          "value": "EntityBee"
        },
        "minGroup": 3,
        "maxGroup": 4,
        "weight": 10,
        "spawnType": "creature"
      },
      {
        "entity": {
          "value": "EntityBat"
        },
        "minGroup": 4,
        "maxGroup": 4,
        "weight": 10,
        "spawnType": "creature"
      },
      {
        "entity": {
          "value": "EntityHorse"
        },
        "minGroup": 4,
        "maxGroup": 4,
        "weight": 12,
        "spawnType": "creature"
      },
      {
        "entity": {
          "value": "EntityVex"
        },
        "minGroup": 4,
        "maxGroup": 4,
        "weight": 10,
        "spawnType": "monster"
      },
      {
        "entity": {
          "value": "CUSTOM:MimicEntity"
        },
        "minGroup": 4,
        "maxGroup": 4,
        "weight": 20,
        "spawnType": "monster"
      },
      {
        "entity": {
          "value": "EntityGlowSquid"
        },
        "minGroup": 4,
        "maxGroup": 6,
        "weight": 10,
        "spawnType": "waterCreature"
      }
    ]
  }
}