{
  "_fv": 24,
  "_type": "armor",
  "definition": {
    "enableHelmet": true,
    "textureHelmet": "eyepatch",
    "enableBody": false,
    "textureBody": "",
    "enableLeggings": false,
    "textureLeggings": "",
    "enableBoots": false,
    "textureBoots": "",
    "onHelmetTick": {
      "name": "EyepatchHelmetTickEvent"
    },
    "creativeTab": {
      "value": "CUSTOM:Crtab"
    },
    "armorTextureFile": "eyepatch_",
    "helmetName": "Eyepatch",
    "bodyName": "Eyepatch Body",
    "leggingsName": "Eyepatch Leggings",
    "bootsName": "Eyepatch Boots",
    "helmetSpecialInfo": [],
    "bodySpecialInfo": [],
    "leggingsSpecialInfo": [],
    "bootsSpecialInfo": [],
    "helmetModelName": "Default",
    "helmetModelPart": "Helmet",
    "helmetModelTexture": "From armor",
    "bodyModelName": "Default",
    "bodyModelPart": "Body",
    "armsModelPartL": "Arms L",
    "armsModelPartR": "Arms R",
    "bodyModelTexture": "From armor",
    "leggingsModelName": "Default",
    "leggingsModelPartL": "Leggings L",
    "leggingsModelPartR": "Leggings R",
    "leggingsModelTexture": "From armor",
    "bootsModelName": "Default",
    "bootsModelPartL": "Boots L",
    "bootsModelPartR": "Boots R",
    "bootsModelTexture": "From armor",
    "helmetImmuneToFire": false,
    "bodyImmuneToFire": false,
    "leggingsImmuneToFire": false,
    "bootsImmuneToFire": false,
    "maxDamage": 5,
    "damageValueHelmet": 2,
    "damageValueBody": 0,
    "damageValueLeggings": 0,
    "damageValueBoots": 0,
    "enchantability": 15,
    "toughness": 0.1,
    "knockbackResistance": 0.0,
    "equipSound": {
      "value": "item.armor.equip_leather"
    },
    "repairItems": []
  }
}