{
  "_fv": 24,
  "_type": "overlay",
  "definition": {
    "priority": "NORMAL",
    "components": [
      {
        "type": "image",
        "data": {
          "image": "eyepatch_right.png",
          "use1Xscale": false,
          "name": "eyepatch_right.png",
          "x": 235,
          "y": -4
        }
      }
    ],
    "baseTexture": "",
    "overlayTarget": "Ingame",
    "displayCondition": {
      "name": "EyepatchrightDisplayOverlay"
    },
    "gridSettings": {
      "sx": 18,
      "sy": 18,
      "ox": 11,
      "oy": 15,
      "snapOnGrid": false
    }
  }
}