{
  "_fv": 24,
  "_type": "tool",
  "definition": {
    "renderType": 0,
    "texture": "campfire_flame",
    "customModelName": "Normal",
    "name": "Husk Claws",
    "specialInfo": [],
    "creativeTab": {
      "value": "CUSTOM:Crtab"
    },
    "toolType": "Sword",
    "harvestLevel": 0,
    "efficiency": 2.0,
    "attackSpeed": 1.1,
    "enchantability": 20,
    "damageVsEntity": 4.0,
    "usageCount": 200,
    "blocksAffected": [],
    "hasGlow": false,
    "repairItems": [],
    "immuneToFire": false,
    "stayInGridWhenCrafting": false,
    "damageOnCrafting": false
  }
}