{
  "_fv": 24,
  "_type": "tag",
  "definition": {
    "type": "Items",
    "items": [
      {
        "value": "CUSTOM:Diamondsaber"
      },
      {
        "value": "CUSTOM:SaberRed"
      },
      {
        "value": "CUSTOM:SaberGreen"
      },
      {
        "value": "CUSTOM:SaberPurple"
      },
      {
        "value": "CUSTOM:SaberWhite"
      },
      {
        "value": "CUSTOM:SaberYellow"
      },
      {
        "value": "CUSTOM:SaberOrange"
      }
    ],
    "blocks": [],
    "functions": [],
    "entities": [],
    "name": "lightsabers",
    "namespace": "forge"
  }
}