{
  "_fv": 24,
  "_type": "armor",
  "definition": {
    "enableHelmet": true,
    "textureHelmet": "obsidian_armor_3",
    "enableBody": true,
    "textureBody": "obsidian_armor_2",
    "enableLeggings": true,
    "textureLeggings": "obsidian_armor_6",
    "enableBoots": true,
    "textureBoots": "obsidian_armor_1",
    "creativeTab": {
      "value": "CUSTOM:Crtab"
    },
    "armorTextureFile": "obsidian",
    "helmetName": "Obsidian Helmet",
    "bodyName": "Obsidian Chestplate",
    "leggingsName": "Obsidian Leggings",
    "bootsName": "Obsidian Boots",
    "helmetSpecialInfo": [],
    "bodySpecialInfo": [],
    "leggingsSpecialInfo": [],
    "bootsSpecialInfo": [],
    "helmetModelName": "Default",
    "helmetModelPart": "Helmet",
    "helmetModelTexture": "From armor",
    "bodyModelName": "Default",
    "bodyModelPart": "Body",
    "armsModelPartL": "Arms L",
    "armsModelPartR": "Arms R",
    "bodyModelTexture": "From armor",
    "leggingsModelName": "Default",
    "leggingsModelPartL": "Leggings L",
    "leggingsModelPartR": "Leggings R",
    "leggingsModelTexture": "From armor",
    "bootsModelName": "Default",
    "bootsModelPartL": "Boots L",
    "bootsModelPartR": "Boots R",
    "bootsModelTexture": "From armor",
    "helmetImmuneToFire": true,
    "bodyImmuneToFire": true,
    "leggingsImmuneToFire": true,
    "bootsImmuneToFire": true,
    "maxDamage": 38,
    "damageValueHelmet": 5,
    "damageValueBody": 13,
    "damageValueLeggings": 15,
    "damageValueBoots": 5,
    "enchantability": 17,
    "toughness": 2.7,
    "knockbackResistance": 0.1,
    "equipSound": {
      "value": ""
    },
    "repairItems": [
      {
        "value": "CUSTOM:Obsidianscrap"
      },
      {
        "value": "Blocks.CRYING_OBSIDIAN"
      }
    ]
  }
}