{
  "_fv": 24,
  "_type": "rangeditem",
  "definition": {
    "renderType": 0,
    "texture": "tomato",
    "customModelName": "Normal",
    "name": "Ranged Tomato",
    "specialInfo": [],
    "creativeTab": {
      "value": "CUSTOM:Crtab"
    },
    "stackSize": 64,
    "ammoItem": {
      "value": "CUSTOM:RangedTomato"
    },
    "shootConstantly": true,
    "usageCount": 0,
    "actionSound": {
      "value": "entity.snowball.throw"
    },
    "hasGlow": false,
    "animation": "none",
    "enableMeleeDamage": false,
    "damageVsEntity": 0.0,
    "bulletPower": 1.0,
    "bulletDamage": 3.0,
    "bulletKnockback": 1,
    "bulletParticles": false,
    "bulletIgnitesFire": false,
    "bulletItemTexture": {
      "value": "CUSTOM:RangedTomato"
    },
    "bulletModel": "Default",
    "customBulletModelTexture": ""
  }
}