{
  "_fv": 24,
  "_type": "recipe",
  "definition": {
    "recipeType": "Crafting",
    "xpReward": 0.0,
    "cookingTime": 200,
    "recipeRetstackSize": 1,
    "group": "",
    "recipeShapeless": false,
    "recipeSlots": [
      {
        "value": "Blocks.REDSTONE_BLOCK"
      },
      {
        "value": "CUSTOM:TungstenIngot"
      },
      {
        "value": "Blocks.COPPER_BLOCK"
      },
      {
        "value": "Items.NETHERITE_INGOT"
      },
      {
        "value": "Blocks.BEACON"
      },
      {
        "value": "Items.NETHERITE_INGOT"
      },
      {
        "value": "Blocks.COPPER_BLOCK"
      },
      {
        "value": "CUSTOM:TungstenIngot"
      },
      {
        "value": "Blocks.REDSTONE_BLOCK"
      }
    ],
    "recipeReturnStack": {
      "value": "CUSTOM:ReactorCore"
    },
    "name": "recipe_reactor_core",
    "namespace": "mod"
  }
}