{
  "_fv": 24,
  "_type": "biome",
  "definition": {
    "name": "Roblox",
    "groundBlock": {
      "value": "CUSTOM:LegoBlock"
    },
    "undergroundBlock": {
      "value": "CUSTOM:LegoBlock"
    },
    "airColor": {
      "value": -16713985,
      "falpha": 0.0
    },
    "grassColor": {
      "value": -5921371,
      "falpha": 0.0
    },
    "foliageColor": {
      "value": -14709223,
      "falpha": 0.0
    },
    "ambientSound": {
      "value": ""
    },
    "additionsSound": {
      "value": ""
    },
    "music": {
      "value": "music.creative"
    },
    "moodSound": {
      "value": ""
    },
    "moodSoundDelay": 6000,
    "spawnParticles": false,
    "particleToSpawn": {
      "value": "EXPLOSION_NORMAL"
    },
    "particlesProbability": 0.5,
    "biomeCategory": "PLAINS",
    "parent": {
      "value": "No parent"
    },
    "rainingPossibility": 0.5,
    "temperature": 0.5,
    "baseHeight": -0.2,
    "heightVariation": 0.2,
    "biomeType": "WARM",
    "spawnBiome": true,
    "biomeWeight": 12,
    "biomeDictionaryTypes": [
      "PLAINS"
    ],
    "grassPerChunk": 0,
    "seagrassPerChunk": 0,
    "flowersPerChunk": 0,
    "mushroomsPerChunk": 0,
    "bigMushroomsChunk": 0,
    "sandPatchesPerChunk": 0,
    "gravelPatchesPerChunk": 0,
    "reedsPerChunk": 0,
    "cactiPerChunk": 0,
    "treesPerChunk": 4,
    "vanillaTreeType": "Savanna trees",
    "treeType": 1,
    "minHeight": 6,
    "treeStem": {
      "value": "Blocks.OAK_WOOD"
    },
    "treeBranch": {
      "value": "Blocks.LEAVES#0"
    },
    "treeVines": {
      "value": "Blocks.AIR"
    },
    "treeFruits": {
      "value": "Blocks.AIR"
    },
    "spawnStronghold": false,
    "spawnMineshaft": false,
    "spawnMineshaftMesa": false,
    "spawnPillagerOutpost": false,
    "villageType": "none",
    "spawnWoodlandMansion": false,
    "spawnJungleTemple": false,
    "spawnDesertPyramid": false,
    "spawnSwampHut": false,
    "spawnIgloo": false,
    "spawnOceanMonument": false,
    "spawnShipwreck": false,
    "spawnShipwreckBeached": false,
    "spawnBuriedTreasure": false,
    "oceanRuinType": "NONE",
    "spawnNetherBridge": false,
    "spawnNetherFossil": false,
    "spawnBastionRemnant": false,
    "spawnEndCity": false,
    "spawnRuinedPortal": "NONE",
    "defaultFeatures": [
      "Caves",
      "Ores",
      "FrozenTopLayer",
      "Fossils",
      "Dripstone",
      "Lakes",
      "LushCavesDecoration",
      "ReedsAndPumpkins"
    ],
    "spawnEntries": [
      {
        "entity": {
          "value": "EntityWaterMob"
        },
        "minGroup": 4,
        "maxGroup": 4,
        "weight": 20,
        "spawnType": "monster"
      },
      {
        "entity": {
          "value": "EntityAnimal"
        },
        "minGroup": 4,
        "maxGroup": 4,
        "weight": 10,
        "spawnType": "creature"
      },
      {
        "entity": {
          "value": "EntityMob"
        },
        "minGroup": 4,
        "maxGroup": 4,
        "weight": 20,
        "spawnType": "monster"
      },
      {
        "entity": {
          "value": "EntityWolf"
        },
        "minGroup": 4,
        "maxGroup": 4,
        "weight": 7,
        "spawnType": "creature"
      }
    ]
  }
}