{
  "_fv": 24,
  "_type": "enchantment",
  "definition": {
    "name": "Saber Art",
    "type": "WEAPON",
    "rarity": "UNCOMMON",
    "minLevel": 1,
    "maxLevel": 2,
    "damageModifier": 0,
    "compatibleEnchantments": [],
    "compatibleItems": [
      {
        "value": "CUSTOM:SaberRed"
      },
      {
        "value": "CUSTOM:Diamondsaber"
      },
      {
        "value": "CUSTOM:SaberWhite"
      },
      {
        "value": "CUSTOM:SaberDark"
      },
      {
        "value": "CUSTOM:SaberPurple"
      },
      {
        "value": "CUSTOM:SaberGreen"
      },
      {
        "value": "CUSTOM:SaberOrange"
      },
      {
        "value": "CUSTOM:SaberYellow"
      }
    ],
    "isTreasureEnchantment": false,
    "isCurse": false,
    "isAllowedOnBooks": true,
    "canGenerateInLootTables": true,
    "canVillagerTrade": true
  }
}