{
  "_fv": 24,
  "_type": "tool",
  "definition": {
    "renderType": 0,
    "texture": "saber_purple",
    "customModelName": "Normal",
    "name": "Diamond Saber",
    "specialInfo": [],
    "creativeTab": {
      "value": "CUSTOM:Crtab"
    },
    "toolType": "Sword",
    "harvestLevel": 2,
    "efficiency": 15.0,
    "attackSpeed": 2.5,
    "enchantability": 2,
    "damageVsEntity": 12.0,
    "usageCount": 2150,
    "blocksAffected": [],
    "hasGlow": false,
    "repairItems": [
      {
        "value": "CUSTOM:ReactorCore"
      }
    ],
    "immuneToFire": true,
    "stayInGridWhenCrafting": false,
    "damageOnCrafting": false,
    "onEntityHitWith": {
      "name": "Saberhit"
    },
    "onEntitySwing": {
      "name": "SaberEffect"
    }
  }
}