{
  "_fv": 24,
  "_type": "biome",
  "definition": {
    "name": "Sakura",
    "groundBlock": {
      "value": "Blocks.GRASS"
    },
    "undergroundBlock": {
      "value": "Blocks.DIRT#0"
    },
    "foliageColor": {
      "value": -16485059,
      "falpha": 0.0
    },
    "ambientSound": {
      "value": ""
    },
    "additionsSound": {
      "value": ""
    },
    "music": {
      "value": ""
    },
    "moodSound": {
      "value": ""
    },
    "moodSoundDelay": 6000,
    "spawnParticles": false,
    "particleToSpawn": {
      "value": "EXPLOSION_NORMAL"
    },
    "particlesProbability": 0.5,
    "biomeCategory": "TAIGA",
    "parent": {
      "value": "No parent"
    },
    "rainingPossibility": 0.6,
    "temperature": -0.2,
    "baseHeight": 0.2,
    "heightVariation": 0.2,
    "biomeType": "COOL",
    "spawnBiome": true,
    "biomeWeight": 15,
    "biomeDictionaryTypes": [
      "CONIFEROUS",
      "OVERWORLD",
      "FOREST"
    ],
    "grassPerChunk": 4,
    "seagrassPerChunk": 2,
    "flowersPerChunk": 6,
    "mushroomsPerChunk": 0,
    "bigMushroomsChunk": 0,
    "sandPatchesPerChunk": 0,
    "gravelPatchesPerChunk": 0,
    "reedsPerChunk": 0,
    "cactiPerChunk": 0,
    "treesPerChunk": 4,
    "vanillaTreeType": "Birch trees",
    "treeType": 1,
    "minHeight": 5,
    "treeStem": {
      "value": "CUSTOM:CherryLog"
    },
    "treeBranch": {
      "value": "CUSTOM:CherryLeaves"
    },
    "treeVines": {
      "value": "Blocks.VOID_AIR"
    },
    "treeFruits": {
      "value": "Blocks.VOID_AIR"
    },
    "spawnStronghold": false,
    "spawnMineshaft": true,
    "spawnMineshaftMesa": false,
    "spawnPillagerOutpost": false,
    "villageType": "taiga",
    "spawnWoodlandMansion": true,
    "spawnJungleTemple": true,
    "spawnDesertPyramid": false,
    "spawnSwampHut": false,
    "spawnIgloo": false,
    "spawnOceanMonument": false,
    "spawnShipwreck": false,
    "spawnShipwreckBeached": false,
    "spawnBuriedTreasure": false,
    "oceanRuinType": "NONE",
    "spawnNetherBridge": false,
    "spawnNetherFossil": false,
    "spawnBastionRemnant": false,
    "spawnEndCity": false,
    "spawnRuinedPortal": "NONE",
    "defaultFeatures": [
      "Caves",
      "Ores",
      "FrozenTopLayer",
      "AmethystGeodes",
      "ExtraEmeraldOre",
      "Lakes",
      "LushCavesDecoration",
      "BerryBushes"
    ],
    "spawnEntries": [
      {
        "entity": {
          "value": "CUSTOM:Goose"
        },
        "minGroup": 4,
        "maxGroup": 4,
        "weight": 8,
        "spawnType": "creature"
      },
      {
        "entity": {
          "value": "EntityAnimal"
        },
        "minGroup": 4,
        "maxGroup": 4,
        "weight": 10,
        "spawnType": "creature"
      },
      {
        "entity": {
          "value": "EntityCat"
        },
        "minGroup": 1,
        "maxGroup": 4,
        "weight": 7,
        "spawnType": "creature"
      },
      {
        "entity": {
          "value": "EntityIronGolem"
        },
        "minGroup": 2,
        "maxGroup": 4,
        "weight": 12,
        "spawnType": "monster"
      },
      {
        "entity": {
          "value": "EntitySnowman"
        },
        "minGroup": 2,
        "maxGroup": 4,
        "weight": 10,
        "spawnType": "creature"
      },
      {
        "entity": {
          "value": "CUSTOM:MimicEntity"
        },
        "minGroup": 4,
        "maxGroup": 4,
        "weight": 20,
        "spawnType": "monster"
      },
      {
        "entity": {
          "value": "EntityStray"
        },
        "minGroup": 4,
        "maxGroup": 4,
        "weight": 20,
        "spawnType": "monster"
      },
      {
        "entity": {
          "value": "EntityWaterMob"
        },
        "minGroup": 2,
        "maxGroup": 4,
        "weight": 20,
        "spawnType": "monster"
      },
      {
        "entity": {
          "value": "EntityEnderman"
        },
        "minGroup": 1,
        "maxGroup": 4,
        "weight": 15,
        "spawnType": "monster"
      },
      {
        "entity": {
          "value": "EntityWitch"
        },
        "minGroup": 1,
        "maxGroup": 4,
        "weight": 10,
        "spawnType": "monster"
      },
      {
        "entity": {
          "value": "EntityBee"
        },
        "minGroup": 3,
        "maxGroup": 5,
        "weight": 12,
        "spawnType": "creature"
      }
    ]
  }
}