{
  "_fv": 24,
  "_type": "tag",
  "definition": {
    "type": "Entities",
    "items": [],
    "blocks": [],
    "functions": [],
    "entities": [
      {
        "value": "EntitySpider"
      },
      {
        "value": "CUSTOM:GhostSpider"
      },
      {
        "value": "EntityBee"
      },
      {
        "value": "EntityCaveSpider"
      },
      {
        "value": "EntityEndermite"
      },
      {
        "value": "EntitySilverfish"
      }
    ],
    "name": "arthropod",
    "namespace": "forge"
  }
}