{
  "_fv": 24,
  "_type": "tag",
  "definition": {
    "type": "Items",
    "items": [
      {
        "value": "CUSTOM:MahoganyPlanks"
      },
      {
        "value": "CUSTOM:CherryPlanks"
      },
      {
        "value": "CUSTOM:BambooPlanks"
      },
      {
        "value": "CUSTOM:PalmWoodPlanks"
      },
      {
        "value": "Blocks.PLANKS#0"
      },
      {
        "value": "Blocks.PLANKS#1"
      },
      {
        "value": "Blocks.PLANKS#2"
      },
      {
        "value": "Blocks.PLANKS#3"
      },
      {
        "value": "Blocks.PLANKS#4"
      },
      {
        "value": "Blocks.PLANKS#5"
      },
      {
        "value": "Blocks.CRIMSON_PLANKS"
      },
      {
        "value": "Blocks.WARPED_PLANKS"
      }
    ],
    "blocks": [],
    "functions": [],
    "entities": [],
    "name": "tag_planks",
    "namespace": "forge"
  }
}