{
  "_fv": 24,
  "_type": "tag",
  "definition": {
    "type": "Entities",
    "items": [],
    "blocks": [],
    "functions": [],
    "entities": [
      {
        "value": "EntityZombie"
      },
      {
        "value": "EntitySkeleton"
      },
      {
        "value": "EntityZoglin"
      },
      {
        "value": "EntityHusk"
      },
      {
        "value": "EntityStray"
      },
      {
        "value": "EntityZombieVillager"
      },
      {
        "value": "EntityWither"
      },
      {
        "value": "EntityWitherSkeleton"
      },
      {
        "value": "EntityZombieHorse"
      },
      {
        "value": "EntitySkeletonHorse"
      },
      {
        "value": "EntityZombieHorse"
      },
      {
        "value": "EntityPhantom"
      },
      {
        "value": "EntityDrowned"
      }
    ],
    "name": "undead",
    "namespace": "forge"
  }
}