{
  "_fv": 24,
  "_type": "biome",
  "definition": {
    "name": "Wasteland",
    "groundBlock": {
      "value": "Blocks.GRASS"
    },
    "undergroundBlock": {
      "value": "Blocks.DIRT#1"
    },
    "airColor": {
      "value": -3394816,
      "falpha": 0.0
    },
    "grassColor": {
      "value": -4531621,
      "falpha": 0.0
    },
    "foliageColor": {
      "value": -10761216,
      "falpha": 0.0
    },
    "waterColor": {
      "value": -5610699,
      "falpha": 0.0
    },
    "waterFogColor": {
      "value": -5602198,
      "falpha": 0.0
    },
    "ambientSound": {
      "value": ""
    },
    "additionsSound": {
      "value": "ambient.basalt_deltas.additions"
    },
    "music": {
      "value": "ambient.basalt_deltas.mood"
    },
    "moodSound": {
      "value": ""
    },
    "moodSoundDelay": 6000,
    "spawnParticles": true,
    "particleToSpawn": {
      "value": "MYCELIUM"
    },
    "particlesProbability": 10.0,
    "biomeCategory": "DESERT",
    "parent": {
      "value": "No parent"
    },
    "rainingPossibility": 0.5,
    "temperature": 1.4,
    "baseHeight": 0.1,
    "heightVariation": 0.1,
    "biomeType": "DESERT",
    "spawnBiome": true,
    "biomeWeight": 12,
    "biomeDictionaryTypes": [],
    "grassPerChunk": 5,
    "seagrassPerChunk": 0,
    "flowersPerChunk": 1,
    "mushroomsPerChunk": 3,
    "bigMushroomsChunk": 1,
    "sandPatchesPerChunk": 4,
    "gravelPatchesPerChunk": 4,
    "reedsPerChunk": 0,
    "cactiPerChunk": 0,
    "treesPerChunk": 1,
    "vanillaTreeType": "Default",
    "treeType": 0,
    "minHeight": 7,
    "treeStem": {
      "value": ""
    },
    "treeBranch": {
      "value": ""
    },
    "treeVines": {
      "value": ""
    },
    "treeFruits": {
      "value": ""
    },
    "spawnStronghold": false,
    "spawnMineshaft": true,
    "spawnMineshaftMesa": true,
    "spawnPillagerOutpost": false,
    "villageType": "none",
    "spawnWoodlandMansion": false,
    "spawnJungleTemple": false,
    "spawnDesertPyramid": false,
    "spawnSwampHut": false,
    "spawnIgloo": false,
    "spawnOceanMonument": false,
    "spawnShipwreck": false,
    "spawnShipwreckBeached": true,
    "spawnBuriedTreasure": true,
    "oceanRuinType": "WARM",
    "spawnNetherBridge": false,
    "spawnNetherFossil": false,
    "spawnBastionRemnant": false,
    "spawnEndCity": false,
    "spawnRuinedPortal": "NONE",
    "defaultFeatures": [
      "Caves",
      "Ores",
      "FrozenTopLayer"
    ],
    "spawnEntries": [
      {
        "entity": {
          "value": "EntitySlime"
        },
        "minGroup": 4,
        "maxGroup": 4,
        "weight": 20,
        "spawnType": "monster"
      },
      {
        "entity": {
          "value": "CUSTOM:Sirenhead"
        },
        "minGroup": 1,
        "maxGroup": 4,
        "weight": 20,
        "spawnType": "monster"
      },
      {
        "entity": {
          "value": "CUSTOM:MobAmogus"
        },
        "minGroup": 4,
        "maxGroup": 8,
        "weight": 8,
        "spawnType": "creature"
      },
      {
        "entity": {
          "value": "EntityHusk"
        },
        "minGroup": 3,
        "maxGroup": 5,
        "weight": 12,
        "spawnType": "misc"
      },
      {
        "entity": {
          "value": "EntityZoglin"
        },
        "minGroup": 4,
        "maxGroup": 4,
        "weight": 20,
        "spawnType": "monster"
      }
    ]
  }
}