{
  "_fv": 24,
  "_type": "food",
  "definition": {
    "renderType": 0,
    "texture": "cupw3",
    "customModelName": "Normal",
    "name": "Glass of Water",
    "rarity": "COMMON",
    "specialInfo": [],
    "creativeTab": {
      "value": "CUSTOM:Crtab"
    },
    "stackSize": 1,
    "nutritionalValue": 0,
    "saturation": 1.0,
    "eatingSpeed": 30,
    "resultItem": {
      "value": "CUSTOM:WineGlass"
    },
    "forDogs": false,
    "isAlwaysEdible": true,
    "animation": "drink",
    "hasGlow": false,
    "onEaten": {
      "name": "CupDrinkGlass"
    }
  }
}