{
  "_fv": 24,
  "_type": "food",
  "definition": {
    "renderType": 0,
    "texture": "cup4",
    "customModelName": "Normal",
    "name": "Filled Chalice",
    "rarity": "UNCOMMON",
    "specialInfo": [],
    "creativeTab": {
      "value": "CUSTOM:Crtab"
    },
    "stackSize": 1,
    "nutritionalValue": 0,
    "saturation": 1.0,
    "eatingSpeed": 40,
    "resultItem": {
      "value": "CUSTOM:Chalice"
    },
    "forDogs": false,
    "isAlwaysEdible": true,
    "animation": "drink",
    "hasGlow": true,
    "onEaten": {
      "name": "ChaliceDrinkCup"
    }
  }
}