{
  "_fv": 24,
  "_type": "food",
  "definition": {
    "renderType": 0,
    "texture": "cupw2",
    "customModelName": "Normal",
    "name": "Mug of Water",
    "rarity": "COMMON",
    "specialInfo": [],
    "creativeTab": {
      "value": "CUSTOM:Crtab"
    },
    "stackSize": 16,
    "nutritionalValue": 0,
    "saturation": 0.5,
    "eatingSpeed": 32,
    "resultItem": {
      "value": "CUSTOM:Mug"
    },
    "forDogs": false,
    "isAlwaysEdible": true,
    "animation": "drink",
    "hasGlow": false,
    "onEaten": {
      "name": "CupDrinkMug"
    }
  }
}