{
  "_fv": 33,
  "_type": "tag",
  "definition": {
    "type": "Items",
    "items": [
      {
        "value": "CUSTOM:TungstenArmor.boots"
      },
      {
        "value": "CUSTOM:ObsidianArmor.boots"
      },
      {
        "value": "CUSTOM:DripArmor.boots"
      },
      {
        "value": "CUSTOM:NickelArmor.boots"
      },
      {
        "value": "CUSTOM:TitaniumArmor.boots"
      },
      {
        "value": "CUSTOM:CarbonArmor.boots"
      },
      {
        "value": "CUSTOM:LapisLazuliArmor.boots"
      },
      {
        "value": "CUSTOM:RedstoneArmor.boots"
      },
      {
        "value": "Items.LEATHER_BOOTS"
      },
      {
        "value": "Items.CHAINMAIL_BOOTS"
      },
      {
        "value": "Items.IRON_BOOTS"
      },
      {
        "value": "Items.GOLDEN_BOOTS"
      },
      {
        "value": "Items.DIAMOND_BOOTS"
      },
      {
        "value": "Items.NETHERITE_BOOTS"
      }
    ],
    "blocks": [],
    "functions": [],
    "entities": [],
    "name": "armor_0",
    "namespace": "minecraft"
  }
}