{
  "_fv": 33,
  "_type": "tag",
  "definition": {
    "type": "Items",
    "items": [
      {
        "value": "CUSTOM:TungstenAxe"
      },
      {
        "value": "CUSTOM:ObsidiantoolsAxe"
      },
      {
        "value": "CUSTOM:NetheriteBattleAxe"
      },
      {
        "value": "Items.IRON_AXE"
      },
      {
        "value": "Items.GOLDEN_AXE"
      },
      {
        "value": "Items.DIAMOND_AXE"
      },
      {
        "value": "Items.NETHERITE_AXE"
      }
    ],
    "blocks": [],
    "functions": [],
    "entities": [],
    "name": "axes",
    "namespace": "forge"
  }
}