{
  "_fv": 33,
  "_type": "recipe",
  "definition": {
    "recipeType": "Crafting",
    "xpReward": 0.0,
    "cookingTime": 200,
    "recipeRetstackSize": 1,
    "group": "",
    "recipeShapeless": false,
    "recipeSlots": [
      {
        "value": "CUSTOM:Obsidianscrap"
      },
      {
        "value": "CUSTOM:BladeRazor"
      },
      {
        "value": "CUSTOM:Obsidianscrap"
      },
      {
        "value": "Items.IRON_INGOT"
      },
      {
        "value": "Items.GOLD_NUGGET"
      },
      {
        "value": "Items.IRON_INGOT"
      },
      {
        "value": "CUSTOM:Obsidianscrap"
      },
      {
        "value": "CUSTOM:BladeRazor"
      },
      {
        "value": "CUSTOM:Obsidianscrap"
      }
    ],
    "recipeReturnStack": {
      "value": "CUSTOM:BladeOfDespair"
    },
    "name": "bladeof_despair_recipe",
    "namespace": "mod"
  }
}