{
  "_fv": 33,
  "_type": "armor",
  "definition": {
    "enableHelmet": true,
    "textureHelmet": "cactus_head",
    "enableBody": true,
    "textureBody": "cactus_body",
    "enableLeggings": true,
    "textureLeggings": "cactus_leggings",
    "enableBoots": true,
    "textureBoots": "cactus_boots",
    "creativeTab": {
      "value": "CUSTOM:Crtabcombat"
    },
    "armorTextureFile": "cactus",
    "helmetName": "Cactus Helmet",
    "bodyName": "Cactus Chestplate",
    "leggingsName": "Cactus Leggings",
    "bootsName": "Cactus Boots",
    "helmetSpecialInfo": [
      "Deals damage to attackers upon hit"
    ],
    "bodySpecialInfo": [
      "Deals damage to attackers upon hit"
    ],
    "leggingsSpecialInfo": [
      "Deals damage to attackers upon hit"
    ],
    "bootsSpecialInfo": [
      "Deals damage to attackers upon hit"
    ],
    "helmetModelName": "Default",
    "helmetModelPart": "Helmet",
    "helmetModelTexture": "From armor",
    "bodyModelName": "Default",
    "bodyModelPart": "Body",
    "armsModelPartL": "Arms L",
    "armsModelPartR": "Arms R",
    "bodyModelTexture": "From armor",
    "leggingsModelName": "Default",
    "leggingsModelPartL": "Leggings L",
    "leggingsModelPartR": "Leggings R",
    "leggingsModelTexture": "From armor",
    "bootsModelName": "Default",
    "bootsModelPartL": "Boots L",
    "bootsModelPartR": "Boots R",
    "bootsModelTexture": "From armor",
    "helmetImmuneToFire": false,
    "bodyImmuneToFire": false,
    "leggingsImmuneToFire": false,
    "bootsImmuneToFire": false,
    "maxDamage": 14,
    "damageValueHelmet": 2,
    "damageValueBody": 5,
    "damageValueLeggings": 5,
    "damageValueBoots": 2,
    "enchantability": 8,
    "toughness": 0.0,
    "knockbackResistance": 0.0,
    "equipSound": {
      "value": ""
    },
    "repairItems": [
      {
        "value": "Blocks.CACTUS"
      }
    ]
  }
}