{
  "_fv": 33,
  "_type": "item",
  "definition": {
    "renderType": 0,
    "texture": "cherry",
    "customModelName": "Normal",
    "name": "Cherry",
    "rarity": "COMMON",
    "creativeTab": {
      "value": "CUSTOM:Crtab"
    },
    "stackSize": 64,
    "enchantability": 0,
    "useDuration": 32,
    "toolType": 0.0,
    "damageCount": 0,
    "destroyAnyBlock": false,
    "immuneToFire": false,
    "stayInGridWhenCrafting": false,
    "damageOnCrafting": false,
    "enableMeleeDamage": false,
    "damageVsEntity": 0.0,
    "specialInfo": [],
    "hasGlow": false,
    "inventorySize": 9,
    "inventoryStackSize": 64,
    "isFood": true,
    "nutritionalValue": 2,
    "saturation": 0.5,
    "eatResultItem": {
      "value": ""
    },
    "isMeat": false,
    "isAlwaysEdible": false,
    "animation": "eat"
  }
}