{
  "_fv": 33,
  "_type": "item",
  "definition": {
    "renderType": 0,
    "texture": "clay_bottle_filled",
    "customModelName": "Normal",
    "name": "Filled Bottle of Watter",
    "rarity": "COMMON",
    "creativeTab": {
      "value": "No creative tab entry"
    },
    "stackSize": 1,
    "enchantability": 0,
    "useDuration": 30,
    "toolType": 1.0,
    "damageCount": 7,
    "recipeRemainder": {
      "value": ""
    },
    "destroyAnyBlock": false,
    "immuneToFire": false,
    "stayInGridWhenCrafting": false,
    "damageOnCrafting": false,
    "enableMeleeDamage": false,
    "damageVsEntity": 0.0,
    "specialInfo": [],
    "hasGlow": false,
    "guiBoundTo": "<NONE>",
    "inventorySize": 9,
    "inventoryStackSize": 64,
    "onRightClickedOnBlock": {
      "name": "ClayWaterBottleRightclickedOnBlock"
    },
    "onItemInUseTick": {
      "name": "ClaybottleContent"
    },
    "onFinishUsingItem": {
      "name": "ClayWaterBottlePlayerFinishesUsingItem"
    },
    "isFood": true,
    "nutritionalValue": 0,
    "saturation": 0.0,
    "eatResultItem": {
      "value": "CUSTOM:ClayWaterBottle"
    },
    "isMeat": false,
    "isAlwaysEdible": true,
    "animation": "drink"
  }
}