{
  "_fv": 33,
  "_type": "plant",
  "definition": {
    "renderType": 13,
    "texture": "corn_stage_1",
    "textureBottom": "",
    "customModelName": "Crop model",
    "itemTexture": "",
    "particleTexture": "",
    "tintType": "No tint",
    "isItemTinted": false,
    "plantType": "normal",
    "staticPlantGenerationType": "Flower",
    "suspiciousStewEffect": "SPEED",
    "suspiciousStewDuration": 100,
    "growapableSpawnType": "Crop",
    "growapableMaxHeight": 3,
    "doublePlantGenerationType": "Flower",
    "customBoundingBox": false,
    "disableOffset": false,
    "boundingBoxes": [
      {
        "mx": 0.0,
        "my": 0.0,
        "mz": 0.0,
        "Mx": 16.0,
        "My": 16.0,
        "Mz": 16.0,
        "subtract": false
      }
    ],
    "name": "Corn Crops Stage 0",
    "specialInfo": [],
    "creativeTab": {
      "value": "No creative tab entry"
    },
    "hardness": 0.0,
    "resistance": 0.0,
    "luminance": 0,
    "unbreakable": false,
    "isSolid": false,
    "isCustomSoundType": false,
    "soundOnStep": {
      "value": "CROP"
    },
    "breakSound": {
      "value": ""
    },
    "stepSound": {
      "value": ""
    },
    "placeSound": {
      "value": ""
    },
    "hitSound": {
      "value": ""
    },
    "fallSound": {
      "value": ""
    },
    "useLootTableForDrops": false,
    "customDrop": {
      "value": "CUSTOM:CornSeeds"
    },
    "dropAmount": 1,
    "forceTicking": true,
    "emissiveRendering": false,
    "hasTileEntity": true,
    "isReplaceable": true,
    "colorOnMap": "DEFAULT",
    "creativePickItem": {
      "value": "CUSTOM:CornSeeds"
    },
    "offsetType": "XZ",
    "aiPathNodeType": "WALKABLE",
    "flammability": 100,
    "fireSpreadSpeed": 0,
    "jumpFactor": 1.0,
    "speedFactor": 1.0,
    "canBePlacedOn": [],
    "placingCondition": {
      "name": "CornStage0BlockValidPlacementCondition"
    },
    "frequencyOnChunks": 0,
    "spawnWorldTypes": [
      "Surface"
    ],
    "restrictionBiomes": [],
    "patchSize": 64,
    "generateAtAnyHeight": false,
    "onBlockAdded": {
      "name": "CornStage0BlockAdded"
    },
    "onTickUpdate": {
      "name": "CornUpdateTick"
    }
  }
}