{
  "_fv": 33,
  "_type": "tool",
  "definition": {
    "renderType": 1,
    "texture": "dagger",
    "customModelName": "dagger:default",
    "name": "Dagger",
    "specialInfo": [],
    "creativeTab": {
      "value": "CUSTOM:Crtabcombat"
    },
    "toolType": "Sword",
    "harvestLevel": 0,
    "efficiency": 2.0,
    "attackSpeed": 1.0,
    "enchantability": 3,
    "damageVsEntity": 8.0,
    "usageCount": 250,
    "blocksAffected": [],
    "hasGlow": false,
    "repairItems": [
      {
        "value": "Items.IRON_INGOT"
      }
    ],
    "immuneToFire": false,
    "stayInGridWhenCrafting": false,
    "damageOnCrafting": false
  }
}