{
  "_fv": 33,
  "_type": "command",
  "definition": {
    "commandName": "dimension",
    "permissionLevel": "No requirement",
    "argsxml": "<xml xmlns=\"https://developers.google.com/blockly/xml\"><block type=\"args_start\" deletable=\"false\" x=\"40\" y=\"40\"><next><block type=\"string\"><field name=\"type\">word</field><field name=\"name\">Dimension</field><statement name=\"args\"><block type=\"call_procedure\"><field name=\"procedure\">DimensionSwitchCommandExecuted</field></block></statement></block></next></block></xml>"
  }
}