{
  "_fv": 33,
  "_type": "armor",
  "definition": {
    "enableHelmet": true,
    "textureHelmet": "egg_head",
    "enableBody": true,
    "textureBody": "egg_body",
    "enableLeggings": true,
    "textureLeggings": "egg_leggings",
    "enableBoots": true,
    "textureBoots": "egg_boots",
    "onHelmetTick": {
      "name": "EggArmorProcedure"
    },
    "onBodyTick": {
      "name": "EggArmorProcedure"
    },
    "onLeggingsTick": {
      "name": "EggArmorProcedure"
    },
    "onBootsTick": {
      "name": "EggArmorProcedure"
    },
    "creativeTab": {
      "value": "CUSTOM:Crtabcombat"
    },
    "armorTextureFile": "egg",
    "helmetName": "Eggshell Helmet",
    "bodyName": "Eggshell Chestplate",
    "leggingsName": "Eggshell Leggings",
    "bootsName": "Eggshell Boots",
    "helmetSpecialInfo": [],
    "bodySpecialInfo": [],
    "leggingsSpecialInfo": [],
    "bootsSpecialInfo": [],
    "helmetModelName": "Default",
    "helmetModelPart": "Helmet",
    "helmetModelTexture": "From armor",
    "bodyModelName": "Default",
    "bodyModelPart": "Body",
    "armsModelPartL": "Arms L",
    "armsModelPartR": "Arms R",
    "bodyModelTexture": "From armor",
    "leggingsModelName": "Default",
    "leggingsModelPartL": "Leggings L",
    "leggingsModelPartR": "Leggings R",
    "leggingsModelTexture": "From armor",
    "bootsModelName": "Default",
    "bootsModelPartL": "Boots L",
    "bootsModelPartR": "Boots R",
    "bootsModelTexture": "From armor",
    "helmetImmuneToFire": false,
    "bodyImmuneToFire": false,
    "leggingsImmuneToFire": false,
    "bootsImmuneToFire": false,
    "maxDamage": 6,
    "damageValueHelmet": 1,
    "damageValueBody": 2,
    "damageValueLeggings": 2,
    "damageValueBoots": 1,
    "enchantability": 4,
    "toughness": 0.0,
    "knockbackResistance": 0.0,
    "equipSound": {
      "value": "item.armor.equip_chain"
    },
    "repairItems": [
      {
        "value": "CUSTOM:Eggshell"
      }
    ]
  }
}