{
  "_fv": 33,
  "_type": "tool",
  "definition": {
    "renderType": 0,
    "texture": "firebrand",
    "customModelName": "Normal",
    "name": "Fire Brand",
    "specialInfo": [],
    "creativeTab": {
      "value": "CUSTOM:Crtabcombat"
    },
    "toolType": "Sword",
    "harvestLevel": 1,
    "efficiency": 1.0,
    "attackSpeed": 1.0,
    "enchantability": 1,
    "damageVsEntity": 11.0,
    "usageCount": 100,
    "blocksAffected": [],
    "hasGlow": false,
    "repairItems": [
      {
        "value": "Items.FIRE_CHARGE"
      }
    ],
    "immuneToFire": true,
    "stayInGridWhenCrafting": false,
    "damageOnCrafting": false,
    "onEntityHitWith": {
      "name": "FireBrandLivingEntityIsHitWithTool"
    }
  }
}