{
  "_fv": 33,
  "_type": "tool",
  "definition": {
    "renderType": 1,
    "texture": "titanium_ingot",
    "customModelName": "golemarm:default",
    "name": "Golem's Arm",
    "specialInfo": [],
    "creativeTab": {
      "value": "CUSTOM:Crtabcombat"
    },
    "toolType": "Sword",
    "harvestLevel": 1,
    "efficiency": 4.0,
    "attackSpeed": 0.5,
    "enchantability": 2,
    "damageVsEntity": 4.0,
    "usageCount": 250,
    "blocksAffected": [],
    "hasGlow": false,
    "repairItems": [
      {
        "value": "Items.IRON_INGOT"
      }
    ],
    "immuneToFire": false,
    "stayInGridWhenCrafting": false,
    "damageOnCrafting": false,
    "onEntityHitWith": {
      "name": "GolemsArmLivingEntityIsHitWithTool"
    }
  }
}