{
  "_fv": 33,
  "_type": "item",
  "definition": {
    "renderType": 0,
    "texture": "infinitepotionfireresistance",
    "customModelName": "Normal",
    "name": "Infinite Potion of Fire Resistance",
    "rarity": "UNCOMMON",
    "creativeTab": {
      "value": "CUSTOM:Crtab"
    },
    "stackSize": 1,
    "enchantability": 1,
    "useDuration": 40,
    "toolType": 1.0,
    "damageCount": 0,
    "recipeRemainder": {
      "value": ""
    },
    "destroyAnyBlock": false,
    "immuneToFire": false,
    "stayInGridWhenCrafting": false,
    "damageOnCrafting": false,
    "enableMeleeDamage": false,
    "damageVsEntity": 0.0,
    "specialInfo": [],
    "hasGlow": true,
    "guiBoundTo": "<NONE>",
    "inventorySize": 9,
    "inventoryStackSize": 64,
    "onRightClickedInAir": {
      "name": "InfinitePotionFireResistanceRightclicked"
    },
    "isFood": false,
    "nutritionalValue": 0,
    "saturation": 0.0,
    "eatResultItem": {
      "value": ""
    },
    "isMeat": false,
    "isAlwaysEdible": true,
    "animation": "drink"
  }
}