{
  "_fv": 33,
  "_type": "recipe",
  "definition": {
    "recipeType": "Brewing",
    "xpReward": 0.0,
    "cookingTime": 200,
    "recipeRetstackSize": 1,
    "group": "",
    "recipeShapeless": false,
    "brewingInputStack": {
      "value": "POTION:LONG_NIGHT_VISION"
    },
    "brewingIngredientStack": {
      "value": "Items.EXPERIENCE_BOTTLE"
    },
    "brewingReturnStack": {
      "value": "CUSTOM:InfinitePotionNightVision"
    },
    "name": "infinite_potion_night_vision_recipe",
    "namespace": "mod"
  }
}