{
  "_fv": 28,
  "_type": "tag",
  "definition": {
    "type": "Items",
    "items": [
      {
        "value": "CUSTOM:MahoganyLeaves"
      },
      {
        "value": "CUSTOM:CherryLeaves"
      },
      {
        "value": "CUSTOM:PalmWoodLeaves"
      },
      {
        "value": "Blocks.LEAVES"
      },
      {
        "value": "Blocks.LEAVES#0"
      },
      {
        "value": "Blocks.LEAVES#1"
      },
      {
        "value": "Blocks.LEAVES#2"
      },
      {
        "value": "Blocks.LEAVES#3"
      },
      {
        "value": "Blocks.LEAVES2"
      },
      {
        "value": "Blocks.LEAVES2#0"
      },
      {
        "value": "Blocks.LEAVES2#1"
      },
      {
        "value": "Blocks.AZALEA_LEAVES"
      },
      {
        "value": "Blocks.FLOWERING_AZALEA_LEAVES"
      },
      {
        "value": "Blocks.BIG_DRIPLEAF"
      },
      {
        "value": "Blocks.SMALL_DRIPLEAF"
      }
    ],
    "blocks": [],
    "functions": [],
    "entities": [],
    "name": "all_leaves",
    "namespace": "mod"
  }
}