{
  "_fv": 28,
  "_type": "recipe",
  "definition": {
    "recipeType": "Smelting",
    "xpReward": 0.7,
    "cookingTime": 200,
    "recipeRetstackSize": 1,
    "group": "",
    "recipeShapeless": false,
    "recipeSlots": [
      {
        "value": ""
      },
      {
        "value": ""
      },
      {
        "value": ""
      },
      {
        "value": ""
      },
      {
        "value": ""
      },
      {
        "value": ""
      },
      {
        "value": ""
      },
      {
        "value": ""
      },
      {
        "value": ""
      }
    ],
    "recipeReturnStack": {
      "value": ""
    },
    "smeltingInputStack": {
      "value": "CUSTOM:AluminumOre"
    },
    "smeltingReturnStack": {
      "value": "CUSTOM:Aluminum"
    },
    "name": "aluminum_ore_smelting",
    "namespace": "mod"
  }
}