{
  "_fv": 28,
  "_type": "tag",
  "definition": {
    "type": "Blocks",
    "items": [],
    "blocks": [
      {
        "value": "CUSTOM:TungstenBlock"
      },
      {
        "value": "CUSTOM:TitaniumBlock"
      },
      {
        "value": "CUSTOM:RubyBlock"
      },
      {
        "value": "CUSTOM:SaphhireBlock"
      },
      {
        "value": "CUSTOM:GoldenAppleBlock"
      },
      {
        "value": "Blocks.IRON_BLOCK"
      },
      {
        "value": "Blocks.COPPER_BLOCK"
      },
      {
        "value": "Blocks.EXPOSED_COPPER"
      },
      {
        "value": "Blocks.REDSTONE_BLOCK"
      },
      {
        "value": "Blocks.GOLD_BLOCK"
      },
      {
        "value": "Blocks.LAPIS_BLOCK"
      },
      {
        "value": "Blocks.DIAMOND_BLOCK"
      },
      {
        "value": "Blocks.EMERALD_BLOCK"
      },
      {
        "value": "Blocks.AMETHYST_BLOCK"
      }
    ],
    "functions": [],
    "entities": [],
    "name": "beacon_base_blocks",
    "namespace": "minecraft"
  }
}