{
  "_fv": 28,
  "_type": "enchantment",
  "definition": {
    "name": "Bleeding Edge",
    "type": "WEAPON",
    "rarity": "UNCOMMON",
    "minLevel": 1,
    "maxLevel": 5,
    "damageModifier": 0,
    "compatibleEnchantments": [
      {
        "value": "CUSTOM:SaberSwing"
      },
      {
        "value": "CUSTOM:Lifesteal"
      },
      {
        "value": "CUSTOM:BaneofMetapod"
      },
      {
        "value": "KNOCKBACK"
      },
      {
        "value": "UNBREAKING"
      },
      {
        "value": "SHARPNESS"
      },
      {
        "value": "BANE_OF_ARTHROPODS"
      },
      {
        "value": "SMITE"
      }
    ],
    "compatibleItems": [],
    "isTreasureEnchantment": false,
    "isCurse": false,
    "isAllowedOnBooks": true,
    "canGenerateInLootTables": true,
    "canVillagerTrade": true
  }
}