{
  "_fv": 28,
  "_type": "tool",
  "definition": {
    "renderType": 0,
    "texture": "dirtrod",
    "customModelName": "Normal",
    "name": "Dirt Rod",
    "specialInfo": [
      "\"Summons dirt in (almost)everything it touches\""
    ],
    "creativeTab": {
      "value": "CUSTOM:Crtab"
    },
    "toolType": "Spade",
    "harvestLevel": 1,
    "efficiency": 4.0,
    "attackSpeed": 1.0,
    "enchantability": 10,
    "damageVsEntity": 1.0,
    "usageCount": 250,
    "blocksAffected": [],
    "hasGlow": false,
    "repairItems": [],
    "immuneToFire": false,
    "stayInGridWhenCrafting": false,
    "damageOnCrafting": false,
    "onRightClickedOnBlock": {
      "name": "DirtrodRightclickedOnBlock"
    }
  }
}