{
  "_fv": 28,
  "_type": "recipe",
  "definition": {
    "recipeType": "Crafting",
    "xpReward": 0.0,
    "cookingTime": 200,
    "recipeRetstackSize": 1,
    "group": "",
    "recipeShapeless": false,
    "recipeSlots": [
      {
        "value": "Blocks.DRIPSTONE_BLOCK"
      },
      {
        "value": ""
      },
      {
        "value": "Blocks.DRIPSTONE_BLOCK"
      },
      {
        "value": "Blocks.DRIPSTONE_BLOCK"
      },
      {
        "value": "Blocks.DRIPSTONE_BLOCK"
      },
      {
        "value": "Blocks.DRIPSTONE_BLOCK"
      },
      {
        "value": "Blocks.DRIPSTONE_BLOCK"
      },
      {
        "value": "Blocks.DRIPSTONE_BLOCK"
      },
      {
        "value": "Blocks.DRIPSTONE_BLOCK"
      }
    ],
    "recipeReturnStack": {
      "value": "CUSTOM:DripArmor.body"
    },
    "name": "drip_armor_body_recipe",
    "namespace": "mod"
  }
}