{
  "_fv": 28,
  "_type": "biome",
  "definition": {
    "name": "Eerie",
    "groundBlock": {
      "value": "Blocks.GRASS"
    },
    "undergroundBlock": {
      "value": "Blocks.DIRT#0"
    },
    "underwaterBlock": {
      "value": ""
    },
    "airColor": {
      "value": -4276546,
      "falpha": 0.0
    },
    "grassColor": {
      "value": -7493491,
      "falpha": 0.0
    },
    "foliageColor": {
      "value": -12955846,
      "falpha": 0.0
    },
    "waterColor": {
      "value": -12564643,
      "falpha": 0.0
    },
    "waterFogColor": {
      "value": -9866089,
      "falpha": 0.0
    },
    "ambientSound": {
      "value": "ambient.cave"
    },
    "additionsSound": {
      "value": "ambient.basalt_deltas.additions"
    },
    "music": {
      "value": "CUSTOM:music.eerie"
    },
    "moodSound": {
      "value": ""
    },
    "moodSoundDelay": 6000,
    "spawnParticles": true,
    "particleToSpawn": {
      "value": "ASH"
    },
    "particlesProbability": 0.5,
    "biomeCategory": "NONE",
    "rainingPossibility": 0.7,
    "temperature": 1.0,
    "baseHeight": 0.1,
    "heightVariation": 0.2,
    "spawnBiome": true,
    "spawnBiomeNether": false,
    "spawnInCaves": false,
    "biomeWeight": 50,
    "biomeDictionaryTypes": [
      "SWAMP",
      "SPOOKY"
    ],
    "grassPerChunk": 7,
    "seagrassPerChunk": 0,
    "flowersPerChunk": 0,
    "mushroomsPerChunk": 0,
    "bigMushroomsChunk": 0,
    "sandPatchesPerChunk": 0,
    "gravelPatchesPerChunk": 1,
    "reedsPerChunk": 0,
    "cactiPerChunk": 0,
    "treesPerChunk": 7,
    "vanillaTreeType": "Mega spruce trees",
    "treeType": 1,
    "minHeight": 7,
    "treeStem": {
      "value": "Blocks.LOG2#1"
    },
    "treeBranch": {
      "value": "Blocks.AIR"
    },
    "treeVines": {
      "value": "Blocks.VINE"
    },
    "treeFruits": {
      "value": "Blocks.AIR"
    },
    "spawnStronghold": true,
    "spawnMineshaft": false,
    "spawnMineshaftMesa": true,
    "spawnPillagerOutpost": true,
    "villageType": "none",
    "spawnWoodlandMansion": true,
    "spawnJungleTemple": false,
    "spawnDesertPyramid": false,
    "spawnSwampHut": true,
    "spawnIgloo": false,
    "spawnOceanMonument": false,
    "spawnShipwreck": false,
    "spawnShipwreckBeached": false,
    "spawnBuriedTreasure": false,
    "oceanRuinType": "NONE",
    "spawnNetherBridge": false,
    "spawnNetherFossil": false,
    "spawnBastionRemnant": false,
    "spawnEndCity": false,
    "spawnRuinedPortal": "NONE",
    "defaultFeatures": [
      "Caves",
      "Ores",
      "FrozenTopLayer",
      "Lakes",
      "Dripstone",
      "DeadBushes",
      "ExtraEmeraldOre",
      "InfestedStone",
      "TaigaRocks"
    ],
    "spawnEntries": [
      {
        "entity": {
          "value": "CUSTOM:GhostSpider"
        },
        "minGroup": 1,
        "maxGroup": 6,
        "weight": 20,
        "spawnType": "monster"
      },
      {
        "entity": {
          "value": "CUSTOM:Sirenhead"
        },
        "minGroup": 1,
        "maxGroup": 5,
        "weight": 20,
        "spawnType": "monster"
      },
      {
        "entity": {
          "value": "CUSTOM:MimicEntity"
        },
        "minGroup": 1,
        "maxGroup": 4,
        "weight": 20,
        "spawnType": "monster"
      },
      {
        "entity": {
          "value": "EntityEnderman"
        },
        "minGroup": 1,
        "maxGroup": 4,
        "weight": 20,
        "spawnType": "monster"
      },
      {
        "entity": {
          "value": "EntityVindicator"
        },
        "minGroup": 1,
        "maxGroup": 4,
        "weight": 20,
        "spawnType": "monster"
      },
      {
        "entity": {
          "value": "EntityStray"
        },
        "minGroup": 1,
        "maxGroup": 4,
        "weight": 20,
        "spawnType": "monster"
      },
      {
        "entity": {
          "value": "EntitySpider"
        },
        "minGroup": 2,
        "maxGroup": 4,
        "weight": 20,
        "spawnType": "monster"
      },
      {
        "entity": {
          "value": "EntityPhantom"
        },
        "minGroup": 3,
        "maxGroup": 4,
        "weight": 20,
        "spawnType": "monster"
      }
    ]
  }
}