{
  "_fv": 28,
  "_type": "recipe",
  "definition": {
    "recipeType": "Smithing",
    "xpReward": 0.0,
    "cookingTime": 200,
    "recipeRetstackSize": 1,
    "group": "",
    "recipeShapeless": false,
    "smithingInputStack": {
      "value": "CUSTOM:EggArmor.helmet"
    },
    "smithingInputAdditionStack": {
      "value": "CUSTOM:MoltenObsidian"
    },
    "smithingReturnStack": {
      "value": "CUSTOM:EgghellArmor.helmet"
    },
    "name": "egghell_armor_helmet_recipe",
    "namespace": "mod"
  }
}