{
  "_fv": 33,
  "_type": "armor",
  "definition": {
    "enableHelmet": true,
    "textureHelmet": "egghell_head",
    "enableBody": true,
    "textureBody": "egghell_body",
    "enableLeggings": true,
    "textureLeggings": "egghell_leggings",
    "enableBoots": true,
    "textureBoots": "egghell_boots",
    "onHelmetTick": {
      "name": "EgghellArmorProcedure"
    },
    "onBodyTick": {
      "name": "EgghellArmorProcedure"
    },
    "onLeggingsTick": {
      "name": "EgghellArmorProcedure"
    },
    "onBootsTick": {
      "name": "EgghellArmorProcedure"
    },
    "creativeTab": {
      "value": "CUSTOM:Crtabcombat"
    },
    "armorTextureFile": "egghell",
    "helmetName": "Egg-hell Helmet",
    "bodyName": "Egg-hell Chestplate",
    "leggingsName": "Egg-hell Leggings",
    "bootsName": "Egg-hell Boots",
    "helmetSpecialInfo": [
      "Burns attackers upon contact"
    ],
    "bodySpecialInfo": [
      "Burns attackers upon contact"
    ],
    "leggingsSpecialInfo": [
      "Burns attackers upon contact"
    ],
    "bootsSpecialInfo": [
      "Burns attackers upon contact"
    ],
    "helmetModelName": "Default",
    "helmetModelPart": "Helmet",
    "helmetModelTexture": "From armor",
    "bodyModelName": "Default",
    "bodyModelPart": "Body",
    "armsModelPartL": "Arms L",
    "armsModelPartR": "Arms R",
    "bodyModelTexture": "From armor",
    "leggingsModelName": "Default",
    "leggingsModelPartL": "Leggings L",
    "leggingsModelPartR": "Leggings R",
    "leggingsModelTexture": "From armor",
    "bootsModelName": "Default",
    "bootsModelPartL": "Boots L",
    "bootsModelPartR": "Boots R",
    "bootsModelTexture": "From armor",
    "helmetImmuneToFire": false,
    "bodyImmuneToFire": false,
    "leggingsImmuneToFire": false,
    "bootsImmuneToFire": false,
    "maxDamage": 16,
    "damageValueHelmet": 2,
    "damageValueBody": 6,
    "damageValueLeggings": 7,
    "damageValueBoots": 2,
    "enchantability": 10,
    "toughness": 0.0,
    "knockbackResistance": 0.0,
    "equipSound": {
      "value": "item.armor.equip_chain"
    },
    "repairItems": [
      {
        "value": "CUSTOM:MoltenObsidian"
      }
    ]
  }
}