{
  "_fv": 28,
  "_type": "procedure",
  "definition": {
    "procedurexml": "<xml xmlns=\"https://developers.google.com/blockly/xml\"><block type=\"event_trigger\" deletable=\"false\" x=\"0\" y=\"0\"><field name=\"trigger\">no_ext_trigger</field><next><block type=\"controls_if\"><mutation elseif=\"1\" else=\"1\"></mutation><value name=\"IF0\"><block type=\"text_binary_ops\"><value name=\"A\"><block type=\"get_command_parameters\"><field name=\"paramid\">0</field></block></value><value name=\"B\"><block type=\"text\"><field name=\"TEXT\">help</field></block></value></block></value><statement name=\"DO0\"><block type=\"execute_command\"><value name=\"command\"><block type=\"text\"><field name=\"TEXT\">tellraw @p {\"text\":\"/boom &lt;explosion power&gt; &lt;x&gt; &lt;y&gt; &lt;z&gt;\",\"color\":\"#FFFF00\"}</field></block></value><value name=\"x\"><block type=\"coord_x\"></block></value><value name=\"y\"><block type=\"coord_y\"></block></value><value name=\"z\"><block type=\"coord_z\"></block></value></block></statement><value name=\"IF1\"><block type=\"math_binary_ops\"><field name=\"OP\">LTE</field><value name=\"A\"><block type=\"math_from_text\"><value name=\"NUMTEXT\"><block type=\"get_command_parameters\"><field name=\"paramid\">0</field></block></value></block></value><value name=\"B\"><block type=\"math_number\"><field name=\"NUM\">20</field></block></value></block></value><statement name=\"DO1\"><block type=\"controls_if\"><mutation elseif=\"1\"></mutation><value name=\"IF0\"><block type=\"logic_negate\"><value name=\"BOOL\"><block type=\"logic_binary_ops\" inline=\"false\"><field name=\"OP\">OR</field><value name=\"A\"><block type=\"text_contains\"><value name=\"text\"><block type=\"get_command_parameters\"><field name=\"paramid\">1</field></block></value><value name=\"contains\"><block type=\"text\"><field name=\"TEXT\">~</field></block></value></block></value><value name=\"B\"><block type=\"logic_binary_ops\" inline=\"false\"><field name=\"OP\">OR</field><value name=\"A\"><block type=\"text_contains\"><value name=\"text\"><block type=\"get_command_parameters\"><field name=\"paramid\">2</field></block></value><value name=\"contains\"><block type=\"text\"><field name=\"TEXT\">~</field></block></value></block></value><value name=\"B\"><block type=\"text_contains\"><value name=\"text\"><block type=\"get_command_parameters\"><field name=\"paramid\">3</field></block></value><value name=\"contains\"><block type=\"text\"><field name=\"TEXT\">~</field></block></value></block></value></block></value></block></value></block></value><statement name=\"DO0\"><block type=\"explode\" inline=\"false\"><field name=\"mode\">DESTROY</field><value name=\"x\"><block type=\"math_from_text\"><value name=\"NUMTEXT\"><block type=\"get_command_parameters\"><field name=\"paramid\">1</field></block></value></block></value><value name=\"y\"><block type=\"math_from_text\"><value name=\"NUMTEXT\"><block type=\"get_command_parameters\"><field name=\"paramid\">2</field></block></value></block></value><value name=\"z\"><block type=\"math_from_text\"><value name=\"NUMTEXT\"><block type=\"get_command_parameters\"><field name=\"paramid\">3</field></block></value></block></value><value name=\"power\"><block type=\"math_from_text\"><value name=\"NUMTEXT\"><block type=\"get_command_parameters\"><field name=\"paramid\">0</field></block></value></block></value><next><block type=\"entity_send_chat\"><value name=\"text\"><block type=\"text_join\"><mutation items=\"6\"></mutation><value name=\"ADD0\"><block type=\"text\"><field name=\"TEXT\">Bomb detonated at </field></block></value><value name=\"ADD1\"><block type=\"math_singular_ops\"><field name=\"OP\">ROUNDUP</field><value name=\"NUM\"><block type=\"math_from_text\"><value name=\"NUMTEXT\"><block type=\"get_command_parameters\"><field name=\"paramid\">1</field></block></value></block></value></block></value><value name=\"ADD2\"><block type=\"math_singular_ops\"><field name=\"OP\">ROUNDUP</field><value name=\"NUM\"><block type=\"math_from_text\"><value name=\"NUMTEXT\"><block type=\"get_command_parameters\"><field name=\"paramid\">2</field></block></value></block></value></block></value><value name=\"ADD3\"><block type=\"math_singular_ops\"><field name=\"OP\">ROUNDUP</field><value name=\"NUM\"><block type=\"math_from_text\"><value name=\"NUMTEXT\"><block type=\"get_command_parameters\"><field name=\"paramid\">3</field></block></value></block></value></block></value><value name=\"ADD4\"><block type=\"text\"><field name=\"TEXT\"> with power </field></block></value><value name=\"ADD5\"><block type=\"math_singular_ops\"><field name=\"OP\">ROUNDUP</field><value name=\"NUM\"><block type=\"math_from_text\"><value name=\"NUMTEXT\"><block type=\"get_command_parameters\"><field name=\"paramid\">0</field></block></value></block></value></block></value></block></value><value name=\"entity\"><block type=\"entity_from_deps\"></block></value><value name=\"actbar\"><block type=\"logic_boolean\"><field name=\"BOOL\">FALSE</field></block></value></block></next></block></statement><value name=\"IF1\"><block type=\"logic_binary_ops\" inline=\"false\"><field name=\"OP\">OR</field><value name=\"A\"><block type=\"text_contains\"><value name=\"text\"><block type=\"get_command_parameters\"><field name=\"paramid\">1</field></block></value><value name=\"contains\"><block type=\"text\"><field name=\"TEXT\">~</field></block></value></block></value><value name=\"B\"><block type=\"logic_binary_ops\" inline=\"false\"><field name=\"OP\">OR</field><value name=\"A\"><block type=\"text_contains\"><value name=\"text\"><block type=\"get_command_parameters\"><field name=\"paramid\">2</field></block></value><value name=\"contains\"><block type=\"text\"><field name=\"TEXT\">~</field></block></value></block></value><value name=\"B\"><block type=\"text_contains\"><value name=\"text\"><block type=\"get_command_parameters\"><field name=\"paramid\">3</field></block></value><value name=\"contains\"><block type=\"text\"><field name=\"TEXT\">~</field></block></value></block></value></block></value></block></value><statement name=\"DO1\"><block type=\"explode\" inline=\"false\"><field name=\"mode\">DESTROY</field><value name=\"x\"><block type=\"coord_x\"></block></value><value name=\"y\"><block type=\"coord_y\"></block></value><value name=\"z\"><block type=\"coord_z\"></block></value><value name=\"power\"><block type=\"math_from_text\"><value name=\"NUMTEXT\"><block type=\"get_command_parameters\"><field name=\"paramid\">0</field></block></value></block></value><next><block type=\"entity_send_chat\"><value name=\"text\"><block type=\"text_join\"><mutation items=\"6\"></mutation><value name=\"ADD0\"><block type=\"text\"><field name=\"TEXT\">Bomb detonated at </field></block></value><value name=\"ADD1\"><block type=\"coord_x\"></block></value><value name=\"ADD2\"><block type=\"coord_y\"></block></value><value name=\"ADD3\"><block type=\"coord_z\"></block></value><value name=\"ADD4\"><block type=\"text\"><field name=\"TEXT\"> with power </field></block></value><value name=\"ADD5\"><block type=\"math_singular_ops\"><field name=\"OP\">ROUNDUP</field><value name=\"NUM\"><block type=\"math_from_text\"><value name=\"NUMTEXT\"><block type=\"get_command_parameters\"><field name=\"paramid\">0</field></block></value></block></value></block></value></block></value><value name=\"entity\"><block type=\"entity_from_deps\"></block></value><value name=\"actbar\"><block type=\"logic_boolean\"><field name=\"BOOL\">FALSE</field></block></value></block></next></block></statement></block></statement><statement name=\"ELSE\"><block type=\"execute_command\"><value name=\"command\"><block type=\"text\"><field name=\"TEXT\">tellraw @p {\"text\":\"Unknown command. Type /boom help for help\",\"color\":\"#F4FF00\"}</field></block></value><value name=\"x\"><block type=\"coord_x\"></block></value><value name=\"y\"><block type=\"coord_y\"></block></value><value name=\"z\"><block type=\"coord_z\"></block></value></block></statement></block></next></block></xml>"
  }
}