{
  "_fv": 28,
  "_type": "biome",
  "definition": {
    "name": "Glow Biome",
    "groundBlock": {
      "value": "Blocks.GRASS"
    },
    "undergroundBlock": {
      "value": "Blocks.DIRT#0"
    },
    "underwaterBlock": {
      "value": "Blocks.STONE#0"
    },
    "grassColor": {
      "value": -13944743,
      "falpha": 0.0
    },
    "foliageColor": {
      "value": -13927575,
      "falpha": 0.0
    },
    "waterColor": {
      "value": -6684673,
      "falpha": 0.0
    },
    "waterFogColor": {
      "value": -7342081,
      "falpha": 0.0
    },
    "ambientSound": {
      "value": ""
    },
    "additionsSound": {
      "value": "ambient.warped_forest.additions"
    },
    "music": {
      "value": "CUSTOM:music.terraria"
    },
    "moodSound": {
      "value": "ambient.warped_forest.mood"
    },
    "moodSoundDelay": 6000,
    "spawnParticles": true,
    "particleToSpawn": {
      "value": "MYCELIUM"
    },
    "particlesProbability": 0.5,
    "biomeCategory": "NONE",
    "rainingPossibility": 0.6,
    "temperature": -0.2,
    "baseHeight": -0.19999999999999998,
    "heightVariation": 0.0,
    "spawnBiome": true,
    "spawnBiomeNether": false,
    "spawnInCaves": true,
    "biomeWeight": 70,
    "biomeDictionaryTypes": [
      "OVERWORLD",
      "RARE",
      "MAGICAL"
    ],
    "grassPerChunk": 10,
    "seagrassPerChunk": 2,
    "flowersPerChunk": 20,
    "mushroomsPerChunk": 20,
    "bigMushroomsChunk": 10,
    "sandPatchesPerChunk": 0,
    "gravelPatchesPerChunk": 0,
    "reedsPerChunk": 0,
    "cactiPerChunk": 0,
    "treesPerChunk": 1,
    "vanillaTreeType": "Default",
    "treeType": 1,
    "minHeight": 1,
    "treeStem": {
      "value": "CUSTOM:GlowShroom"
    },
    "treeBranch": {
      "value": "Blocks.AIR"
    },
    "treeVines": {
      "value": "Blocks.AIR"
    },
    "treeFruits": {
      "value": "Blocks.AIR"
    },
    "spawnStronghold": true,
    "spawnMineshaft": true,
    "spawnMineshaftMesa": true,
    "spawnPillagerOutpost": false,
    "villageType": "snowy",
    "spawnWoodlandMansion": false,
    "spawnJungleTemple": false,
    "spawnDesertPyramid": false,
    "spawnSwampHut": false,
    "spawnIgloo": false,
    "spawnOceanMonument": false,
    "spawnShipwreck": true,
    "spawnShipwreckBeached": true,
    "spawnBuriedTreasure": true,
    "oceanRuinType": "NONE",
    "spawnNetherBridge": false,
    "spawnNetherFossil": false,
    "spawnBastionRemnant": false,
    "spawnEndCity": false,
    "spawnRuinedPortal": "MOUNTAIN",
    "defaultFeatures": [
      "Ores",
      "Caves",
      "AmethystGeodes"
    ],
    "spawnEntries": [
      {
        "entity": {
          "value": "CUSTOM:Goose"
        },
        "minGroup": 4,
        "maxGroup": 4,
        "weight": 8,
        "spawnType": "creature"
      },
      {
        "entity": {
          "value": "EntityCat"
        },
        "minGroup": 1,
        "maxGroup": 4,
        "weight": 7,
        "spawnType": "creature"
      },
      {
        "entity": {
          "value": "EntityStray"
        },
        "minGroup": 4,
        "maxGroup": 4,
        "weight": 20,
        "spawnType": "monster"
      },
      {
        "entity": {
          "value": "EntityEnderman"
        },
        "minGroup": 1,
        "maxGroup": 4,
        "weight": 10,
        "spawnType": "monster"
      },
      {
        "entity": {
          "value": "EntityWitch"
        },
        "minGroup": 1,
        "maxGroup": 4,
        "weight": 10,
        "spawnType": "monster"
      },
      {
        "entity": {
          "value": "EntityBee"
        },
        "minGroup": 3,
        "maxGroup": 5,
        "weight": 12,
        "spawnType": "creature"
      },
      {
        "entity": {
          "value": "EntityGlowSquid"
        },
        "minGroup": 1,
        "maxGroup": 1,
        "weight": 1,
        "spawnType": "undergroundWaterCreature"
      },
      {
        "entity": {
          "value": "CUSTOM:Troll"
        },
        "minGroup": 3,
        "maxGroup": 4,
        "weight": 15,
        "spawnType": "monster"
      },
      {
        "entity": {
          "value": "CUSTOM:Sirenhead"
        },
        "minGroup": 1,
        "maxGroup": 4,
        "weight": 4,
        "spawnType": "monster"
      },
      {
        "entity": {
          "value": "EntityCreeper"
        },
        "minGroup": 1,
        "maxGroup": 4,
        "weight": 15,
        "spawnType": "monster"
      }
    ]
  }
}