{
  "_fv": 28,
  "_type": "structure",
  "definition": {
    "structure": "graveyard",
    "randomlyRotateStructure": true,
    "surfaceDetectionType": "First block",
    "spawnProbability": 20000,
    "minCountPerChunk": 1,
    "maxCountPerChunk": 1,
    "spawnLocation": "Ground",
    "spawnHeightOffset": -3,
    "spawnXOffset": 0,
    "spawnZOffset": 0,
    "spawnWorldTypes": [
      "Surface"
    ],
    "restrictionBlocks": [
      {
        "value": "Blocks.GRASS"
      }
    ],
    "restrictionBiomes": [
      {
        "value": "CUSTOM:Eerie"
      }
    ],
    "ignoreBlocks": "STRUCTURE_BLOCK"
  }
}