{
  "_fv": 28,
  "_type": "tool",
  "definition": {
    "renderType": 0,
    "texture": "huskclaw",
    "customModelName": "Normal",
    "name": "Husk Claw",
    "specialInfo": [],
    "creativeTab": {
      "value": "CUSTOM:Crtabcombat"
    },
    "toolType": "Sword",
    "harvestLevel": 0,
    "efficiency": 2.0,
    "attackSpeed": 15.0,
    "enchantability": 20,
    "damageVsEntity": 2.0,
    "usageCount": 250,
    "blocksAffected": [],
    "hasGlow": false,
    "repairItems": [],
    "immuneToFire": false,
    "stayInGridWhenCrafting": false,
    "damageOnCrafting": false
  }
}