{
  "_fv": 28,
  "_type": "achievement",
  "definition": {
    "achievementName": "Knowledge of Different Realities",
    "achievementDescription": "Learned the power of the Shard of Reality",
    "achievementIcon": {
      "value": "Blocks.DEADBUSH"
    },
    "background": "Default",
    "disableDisplay": false,
    "showPopup": true,
    "announceToChat": true,
    "hideIfNotCompleted": false,
    "rewardLoot": [],
    "rewardRecipes": [],
    "rewardFunction": "No function",
    "rewardXP": 50,
    "achievementType": "goal",
    "parent": {
      "value": "CUSTOM:KnowledgeAlternates"
    },
    "triggerxml": "<xml xmlns=\"https://developers.google.com/blockly/xml\"><block type=\"custom_trigger\" x=\"50\" y=\"63\"><next><block type=\"advancement_trigger\" deletable=\"false\"></block></next></block></xml>"
  }
}