{
  "_fv": 28,
  "_type": "achievement",
  "definition": {
    "achievementName": "To Infinity and Beyond!",
    "achievementDescription": "Gather all the Eternity Shards",
    "achievementIcon": {
      "value": "CUSTOM:ReactorCore"
    },
    "background": "Default",
    "disableDisplay": false,
    "showPopup": false,
    "announceToChat": false,
    "hideIfNotCompleted": false,
    "rewardLoot": [],
    "rewardRecipes": [],
    "rewardFunction": "No function",
    "rewardXP": 0,
    "achievementType": "challenge",
    "parent": {
      "value": "No parent: root"
    },
    "triggerxml": "<xml xmlns=\"https://developers.google.com/blockly/xml\"><block type=\"custom_trigger\" x=\"54\" y=\"110\"><next><block type=\"advancement_trigger\" deletable=\"false\"></block></next></block></xml>"
  }
}