{
  "_fv": 28,
  "_type": "achievement",
  "definition": {
    "achievementName": "There's More!",
    "achievementDescription": "Complete all Additional Challenges",
    "achievementIcon": {
      "value": "CUSTOM:WineGlass"
    },
    "background": "Default",
    "disableDisplay": false,
    "showPopup": true,
    "announceToChat": true,
    "hideIfNotCompleted": true,
    "rewardLoot": [],
    "rewardRecipes": [],
    "rewardFunction": "No function",
    "rewardXP": 30000,
    "achievementType": "goal",
    "parent": {
      "value": "No parent: root"
    },
    "triggerxml": "<xml xmlns=\"https://developers.google.com/blockly/xml\"><block type=\"custom_trigger\" x=\"40\" y=\"44\"><next><block type=\"advancement_trigger\" deletable=\"false\"></block></next></block></xml>"
  }
}