{
  "_fv": 28,
  "_type": "recipe",
  "definition": {
    "recipeType": "Crafting",
    "xpReward": 0.0,
    "cookingTime": 200,
    "recipeRetstackSize": 1,
    "group": "",
    "recipeShapeless": false,
    "recipeSlots": [
      {
        "value": "Items.IRON_NUGGET"
      },
      {
        "value": "Items.IRON_NUGGET"
      },
      {
        "value": "Items.IRON_NUGGET"
      },
      {
        "value": "Items.IRON_NUGGET"
      },
      {
        "value": ""
      },
      {
        "value": "Items.IRON_NUGGET"
      },
      {
        "value": "Items.IRON_NUGGET"
      },
      {
        "value": "Items.IRON_NUGGET"
      },
      {
        "value": "Items.IRON_NUGGET"
      }
    ],
    "recipeReturnStack": {
      "value": "CUSTOM:EmptyLantern"
    },
    "name": "lantern",
    "namespace": "minecraft"
  }
}