{
  "_fv": 33,
  "_type": "armor",
  "definition": {
    "enableHelmet": true,
    "textureHelmet": "lapislazuli_head",
    "enableBody": true,
    "textureBody": "lapislazuli_body",
    "enableLeggings": true,
    "textureLeggings": "lapislazuli_leggings",
    "enableBoots": true,
    "textureBoots": "lapislazuli_boots",
    "creativeTab": {
      "value": "CUSTOM:Crtabcombat"
    },
    "armorTextureFile": "lapislazuli",
    "helmetName": "LapisLazuli Helmet",
    "bodyName": "LapisLazuli Chestplate",
    "leggingsName": "LapisLazuli Leggings",
    "bootsName": "LapisLazuli Boots",
    "helmetSpecialInfo": [],
    "bodySpecialInfo": [],
    "leggingsSpecialInfo": [],
    "bootsSpecialInfo": [],
    "helmetModelName": "Default",
    "helmetModelPart": "Helmet",
    "helmetModelTexture": "From armor",
    "bodyModelName": "Default",
    "bodyModelPart": "Body",
    "armsModelPartL": "Arms L",
    "armsModelPartR": "Arms R",
    "bodyModelTexture": "From armor",
    "leggingsModelName": "Default",
    "leggingsModelPartL": "Leggings L",
    "leggingsModelPartR": "Leggings R",
    "leggingsModelTexture": "From armor",
    "bootsModelName": "Default",
    "bootsModelPartL": "Boots L",
    "bootsModelPartR": "Boots R",
    "bootsModelTexture": "From armor",
    "helmetImmuneToFire": false,
    "bodyImmuneToFire": false,
    "leggingsImmuneToFire": false,
    "bootsImmuneToFire": false,
    "maxDamage": 12,
    "damageValueHelmet": 2,
    "damageValueBody": 5,
    "damageValueLeggings": 4,
    "damageValueBoots": 2,
    "enchantability": 60,
    "toughness": 1.0,
    "knockbackResistance": 0.0,
    "equipSound": {
      "value": "item.armor.equip_netherite"
    },
    "repairItems": [
      {
        "value": "Items.DYE#4"
      }
    ]
  }
}