{
  "_fv": 28,
  "_type": "tag",
  "definition": {
    "type": "Blocks",
    "items": [],
    "blocks": [
      {
        "value": "CUSTOM:MahoganyLeaves"
      },
      {
        "value": "CUSTOM:CherryLeaves"
      },
      {
        "value": "CUSTOM:PalmWoodLeaves"
      },
      {
        "value": "Blocks.LEAVES"
      },
      {
        "value": "Blocks.LEAVES#0"
      },
      {
        "value": "Blocks.LEAVES#1"
      },
      {
        "value": "Blocks.LEAVES#2"
      },
      {
        "value": "Blocks.LEAVES#3"
      },
      {
        "value": "Blocks.LEAVES2"
      },
      {
        "value": "Blocks.LEAVES2#0"
      },
      {
        "value": "Blocks.LEAVES2#1"
      },
      {
        "value": "Blocks.AZALEA_LEAVES"
      },
      {
        "value": "Blocks.FLOWERING_AZALEA_LEAVES"
      }
    ],
    "functions": [],
    "entities": [],
    "name": "leaves",
    "namespace": "minecraft"
  }
}