{
  "_fv": 28,
  "_type": "tag",
  "definition": {
    "type": "Blocks",
    "items": [],
    "blocks": [
      {
        "value": "CUSTOM:MahoganyLog"
      },
      {
        "value": "CUSTOM:CherryLog"
      },
      {
        "value": "CUSTOM:PalmWoodLog"
      },
      {
        "value": "Blocks.LOG"
      },
      {
        "value": "Blocks.LOG2"
      },
      {
        "value": "CUSTOM:PalmWoodLeaves"
      },
      {
        "value": "CUSTOM:MahoganyWood"
      },
      {
        "value": "CUSTOM:CherryWood"
      },
      {
        "value": "CUSTOM:PalmWoodWood"
      }
    ],
    "functions": [],
    "entities": [],
    "name": "logs",
    "namespace": "minecraft"
  }
}