{
  "_fv": 28,
  "_type": "dimension",
  "definition": {
    "biomesInDimension": [
      {
        "value": "deep_cold_ocean"
      },
      {
        "value": "deep_frozen_ocean"
      },
      {
        "value": "deep_lukewarm_ocean"
      },
      {
        "value": "deep_ocean"
      },
      {
        "value": "deep_warm_ocean"
      }
    ],
    "worldGenType": "Normal world gen",
    "mainFillerBlock": {
      "value": "Blocks.STONE#0"
    },
    "fluidBlock": {
      "value": "Blocks.WATER"
    },
    "canRespawnHere": true,
    "hasFog": false,
    "isDark": false,
    "doesWaterVaporize": false,
    "sleepResult": "ALLOW",
    "hasSkyLight": false,
    "imitateOverworldBehaviour": false,
    "portalFrame": {
      "value": "Blocks.PRISMARINE#1"
    },
    "portalParticles": {
      "value": "WATER_BUBBLE"
    },
    "portalLuminance": 0,
    "portalSound": {
      "value": "block.portal.ambient"
    },
    "igniterName": "Lost Seas Portal Igniter",
    "igniterTab": {
      "value": "CUSTOM:Crtab"
    },
    "texture": "",
    "portalTexture": "portalaether",
    "enablePortal": false
  }
}