{
  "_fv": 28,
  "_type": "rangeditem",
  "definition": {
    "renderType": 0,
    "texture": "soul_of_fright_copy",
    "customModelName": "Normal",
    "name": "Meteorite",
    "specialInfo": [],
    "creativeTab": {
      "value": "No creative tab entry"
    },
    "stackSize": 1,
    "ammoItem": {
      "value": ""
    },
    "shootConstantly": false,
    "usageCount": 100,
    "actionSound": {
      "value": "entity.firework.large_blast"
    },
    "hasGlow": false,
    "animation": "bow",
    "enableMeleeDamage": false,
    "damageVsEntity": 0.0,
    "bulletPower": 2.0,
    "bulletDamage": 5.0,
    "bulletKnockback": 5,
    "bulletParticles": true,
    "bulletIgnitesFire": true,
    "bulletItemTexture": {
      "value": ""
    },
    "bulletModel": "Modelplant_charge",
    "customBulletModelTexture": "shulker_bullet.png",
    "onBulletHitsBlock": {
      "name": "MeteoriteProjectileHitsBlock"
    },
    "onBulletHitsEntity": {
      "name": "MeteoriteProjectileHitsBlock"
    }
  }
}