{
  "_fv": 28,
  "_type": "achievement",
  "definition": {
    "achievementName": "We're in the Endgame Now",
    "achievementDescription": "Defeat the Collector",
    "achievementIcon": {
      "value": "CUSTOM:CherryStairs"
    },
    "background": "Default",
    "disableDisplay": false,
    "showPopup": true,
    "announceToChat": true,
    "hideIfNotCompleted": false,
    "rewardLoot": [],
    "rewardRecipes": [],
    "rewardFunction": "No function",
    "rewardXP": 0,
    "achievementType": "challenge",
    "parent": {
      "value": "CUSTOM:KraftmineMoreAdvancements"
    },
    "triggerxml": "<xml xmlns=\"https://developers.google.com/blockly/xml\"><block type=\"custom_trigger\" x=\"105\" y=\"143\"><next><block type=\"advancement_trigger\" deletable=\"false\"></block></next></block></xml>"
  }
}