{
  "_fv": 28,
  "_type": "fluid",
  "definition": {
    "name": "Milk",
    "bucketName": "Milk Bucket",
    "textureStill": "milkstill",
    "textureFlowing": "milkflow",
    "tintType": "No tint",
    "canMultiply": false,
    "flowRate": 6,
    "levelDecrease": 1,
    "slopeFindDistance": 4,
    "spawnParticles": true,
    "dripParticle": {
      "value": "DRIP_WATER"
    },
    "flowStrength": 1.0,
    "luminosity": 0,
    "density": 1000,
    "viscosity": 1000,
    "isGas": false,
    "temperature": 300,
    "type": "WATER",
    "generateBucket": false,
    "textureBucket": "",
    "creativeTab": {
      "value": "CUSTOM:Crtab"
    },
    "emptySound": {
      "value": ""
    },
    "rarity": "COMMON",
    "specialInfo": [],
    "resistance": 100.0,
    "luminance": 0,
    "lightOpacity": 0,
    "emissiveRendering": false,
    "tickRate": 10,
    "flammability": 0,
    "fireSpreadSpeed": 0,
    "colorOnMap": "DEFAULT",
    "frequencyOnChunks": 1,
    "spawnWorldTypes": [],
    "restrictionBiomes": []
  }
}