{
  "_fv": 28,
  "_type": "tag",
  "definition": {
    "type": "Items",
    "items": [
      {
        "value": "CUSTOM:DripArmor.boots"
      },
      {
        "value": "CUSTOM:TitaniumArmor.boots"
      },
      {
        "value": "CUSTOM:CarbonArmor.boots"
      },
      {
        "value": "CUSTOM:LapisLazuliArmor.boots"
      },
      {
        "value": "CUSTOM:RedstoneArmor.boots"
      },
      {
        "value": "CUSTOM:CactusArmor.boots"
      },
      {
        "value": "CUSTOM:TNTArmor.boots"
      },
      {
        "value": "CUSTOM:WoodArmor.boots"
      },
      {
        "value": "CUSTOM:EggArmor.boots"
      },
      {
        "value": "CUSTOM:EgghellArmor.boots"
      },
      {
        "value": "CUSTOM:CondensedArmor.boots"
      },
      {
        "value": "CUSTOM:StuddedArmor.boots"
      }
    ],
    "blocks": [],
    "functions": [],
    "entities": [],
    "name": "more_boots",
    "namespace": "forge"
  }
}