{
  "_fv": 28,
  "_type": "tag",
  "definition": {
    "type": "Items",
    "items": [
      {
        "value": "CUSTOM:DripArmor.body"
      },
      {
        "value": "CUSTOM:NickelArmor.body"
      },
      {
        "value": "CUSTOM:TitaniumArmor.body"
      },
      {
        "value": "CUSTOM:CarbonArmor.body"
      },
      {
        "value": "CUSTOM:LapisLazuliArmor.body"
      },
      {
        "value": "CUSTOM:RedstoneArmor.body"
      },
      {
        "value": "CUSTOM:Quiver.body"
      },
      {
        "value": "CUSTOM:CactusArmor.body"
      },
      {
        "value": "CUSTOM:TNTArmor.body"
      },
      {
        "value": "CUSTOM:WoodArmor.body"
      },
      {
        "value": "CUSTOM:EggArmor.body"
      },
      {
        "value": "CUSTOM:EgghellArmor.body"
      },
      {
        "value": "CUSTOM:CondensedArmor.body"
      },
      {
        "value": "CUSTOM:StuddedArmor.body"
      },
      {
        "value": "CUSTOM:PlateArmor.body"
      }
    ],
    "blocks": [],
    "functions": [],
    "entities": [],
    "name": "more_chestplate",
    "namespace": "forge"
  }
}