{
  "_fv": 28,
  "_type": "tag",
  "definition": {
    "type": "Items",
    "items": [
      {
        "value": "CUSTOM:DripArmor.helmet"
      },
      {
        "value": "CUSTOM:Eyepatch.helmet"
      },
      {
        "value": "CUSTOM:NickelArmor.helmet"
      },
      {
        "value": "CUSTOM:TitaniumArmor.helmet"
      },
      {
        "value": "CUSTOM:LapisLazuliArmor.helmet"
      },
      {
        "value": "CUSTOM:RedstoneArmor.helmet"
      },
      {
        "value": "CUSTOM:DepressureHelmet.helmet"
      },
      {
        "value": "CUSTOM:CactusArmor.helmet"
      },
      {
        "value": "CUSTOM:TNTArmor.helmet"
      },
      {
        "value": "CUSTOM:WoodArmor.helmet"
      },
      {
        "value": "CUSTOM:EggArmor.helmet"
      },
      {
        "value": "CUSTOM:EgghellArmor.helmet"
      },
      {
        "value": "CUSTOM:CondensedArmor.helmet"
      },
      {
        "value": "CUSTOM:StuddedArmor.helmet"
      },
      {
        "value": "CUSTOM:PlateArmor.helmet"
      }
    ],
    "blocks": [],
    "functions": [],
    "entities": [],
    "name": "more_helmet",
    "namespace": "forge"
  }
}