{
  "_fv": 34,
  "_type": "dimension",
  "definition": {
    "biomesInDimension": [
      {
        "value": "CUSTOM:AetherBiome"
      }
    ],
    "worldGenType": "Nether like gen",
    "mainFillerBlock": {
      "value": "CUSTOM:Cloud"
    },
    "fluidBlock": {
      "value": "Blocks.WATER"
    },
    "airColor": {
      "value": -2426369,
      "falpha": 0.0
    },
    "canRespawnHere": true,
    "hasFog": false,
    "isDark": false,
    "doesWaterVaporize": false,
    "sleepResult": "ALLOW",
    "hasSkyLight": true,
    "imitateOverworldBehaviour": false,
    "onPlayerEntersDimension": {
      "name": "AetherDimensionPortalTriggerUsed"
    },
    "portalFrame": {
      "value": "Blocks.GLOWSTONE"
    },
    "portalParticles": {
      "value": "LIGHT"
    },
    "portalLuminance": 15,
    "portalSound": {
      "value": "CUSTOM:travel.aether"
    },
    "igniterName": "Enchanted Flint and Steel",
    "igniterTab": {
      "value": "CUSTOM:Crtab"
    },
    "texture": "flintandsteelenchanted",
    "portalTexture": "portalaether",
    "enablePortal": true
  }
}