{
  "_fv": 34,
  "_type": "tag",
  "definition": {
    "type": "Items",
    "items": [
      {
        "value": "CUSTOM:MahoganyWood"
      },
      {
        "value": "CUSTOM:CherryWood"
      },
      {
        "value": "CUSTOM:PalmWoodWood"
      },
      {
        "value": "Blocks.OAK_WOOD"
      },
      {
        "value": "Blocks.SPRUCE_WOOD"
      },
      {
        "value": "Blocks.BIRCH_WOOD"
      },
      {
        "value": "Blocks.JUNGLE_WOOD"
      },
      {
        "value": "Blocks.ACACIA_WOOD"
      },
      {
        "value": "Blocks.DARK_OAK_WOOD"
      },
      {
        "value": "Blocks.STRIPPED_OAK_WOOD"
      },
      {
        "value": "Blocks.STRIPPED_SPRUCE_WOOD"
      },
      {
        "value": "Blocks.STRIPPED_BIRCH_WOOD"
      },
      {
        "value": "Blocks.STRIPPED_JUNGLE_WOOD"
      },
      {
        "value": "Blocks.STRIPPED_ACACIA_WOOD"
      },
      {
        "value": "Blocks.STRIPPED_DARK_OAK_WOOD"
      }
    ],
    "blocks": [],
    "functions": [],
    "entities": [],
    "name": "all_wood",
    "namespace": "mod"
  }
}