{
  "_fv": 34,
  "_type": "achievement",
  "definition": {
    "achievementName": "Anime Powers",
    "achievementDescription": "Become a fidget spinner",
    "achievementIcon": {
      "value": "Items.NAUTILUS_SHELL"
    },
    "background": "Default",
    "disableDisplay": false,
    "showPopup": true,
    "announceToChat": true,
    "hideIfNotCompleted": false,
    "rewardLoot": [],
    "rewardRecipes": [],
    "rewardFunction": "No function",
    "rewardXP": 0,
    "achievementType": "goal",
    "parent": {
      "value": "CUSTOM:Talents"
    },
    "triggerxml": "<xml xmlns=\"https://developers.google.com/blockly/xml\"><block type=\"custom_trigger\" x=\"50\" y=\"63\"><next><block type=\"advancement_trigger\" deletable=\"false\"></block></next></block></xml>"
  }
}