{
  "_fv": 34,
  "_type": "enchantment",
  "definition": {
    "name": "Umbrella Head",
    "type": "ARMOR_HEAD",
    "rarity": "COMMON",
    "minLevel": 1,
    "maxLevel": 1,
    "damageModifier": 0,
    "compatibleEnchantments": [],
    "excludeEnchantments": false,
    "compatibleItems": [
      {
        "value": "CUSTOM:TungstenArmor.helmet"
      },
      {
        "value": "CUSTOM:ObsidianArmor.helmet"
      },
      {
        "value": "CUSTOM:DripArmor.helmet"
      },
      {
        "value": "CUSTOM:NickelArmor.helmet"
      },
      {
        "value": "CUSTOM:TitaniumArmor.helmet"
      },
      {
        "value": "CUSTOM:CarbonArmor.helmet"
      },
      {
        "value": "CUSTOM:LapisLazuliArmor.helmet"
      },
      {
        "value": "CUSTOM:RedstoneArmor.helmet"
      },
      {
        "value": "CUSTOM:DepressureHelmet.helmet"
      },
      {
        "value": "CUSTOM:CursedIronArmor.helmet"
      },
      {
        "value": "CUSTOM:CactusArmor.helmet"
      },
      {
        "value": "CUSTOM:TNTArmor.helmet"
      },
      {
        "value": "CUSTOM:WoodArmor.helmet"
      },
      {
        "value": "CUSTOM:EggArmor.helmet"
      },
      {
        "value": "CUSTOM:EgghellArmor.helmet"
      },
      {
        "value": "CUSTOM:CondensedArmor.helmet"
      },
      {
        "value": "CUSTOM:StuddedArmor.helmet"
      },
      {
        "value": "CUSTOM:PlateArmor.helmet"
      },
      {
        "value": "CUSTOM:RoadCone.helmet"
      },
      {
        "value": "CUSTOM:PlasticArmor.helmet"
      },
      {
        "value": "CUSTOM:GhillieSuit.helmet"
      },
      {
        "value": "CUSTOM:PrismarineArmor.helmet"
      },
      {
        "value": "Items.LEATHER_HELMET"
      },
      {
        "value": "Items.CHAINMAIL_HELMET"
      },
      {
        "value": "Items.TURTLE_HELMET"
      },
      {
        "value": "Items.IRON_HELMET"
      },
      {
        "value": "Items.GOLDEN_HELMET"
      },
      {
        "value": "Items.DIAMOND_HELMET"
      },
      {
        "value": "Items.NETHERITE_HELMET"
      }
    ],
    "excludeItems": false,
    "isTreasureEnchantment": false,
    "isCurse": false,
    "isAllowedOnBooks": true,
    "canGenerateInLootTables": true,
    "canVillagerTrade": true
  }
}