{
  "_fv": 34,
  "_type": "achievement",
  "definition": {
    "achievementName": "ASCEND",
    "achievementDescription": "Conjure a Shard of Ascendance",
    "achievementIcon": {
      "value": "CUSTOM:AscendanceShard"
    },
    "background": "Default",
    "disableDisplay": false,
    "showPopup": true,
    "announceToChat": true,
    "hideIfNotCompleted": false,
    "rewardLoot": [],
    "rewardRecipes": [],
    "rewardFunction": "No function",
    "rewardXP": 500,
    "achievementType": "challenge",
    "parent": {
      "value": "CUSTOM:KraftmineBasePower"
    },
    "triggerxml": "<xml xmlns=\"https://developers.google.com/blockly/xml\"><block type=\"item_in_inventory\" x=\"316\" y=\"99\"><value name=\"amount_l\"><block type=\"math_number\"><field name=\"NUM\">1</field></block></value><value name=\"amount_h\"><block type=\"math_number\"><field name=\"NUM\">1</field></block></value><value name=\"item\"><block type=\"mcitem_all\"><field name=\"value\">CUSTOM:AscendanceShard</field></block></value><next><block type=\"advancement_trigger\" deletable=\"false\"></block></next></block></xml>"
  }
}