{
  "_fv": 34,
  "_type": "recipe",
  "definition": {
    "recipeType": "Crafting",
    "xpReward": 0.0,
    "cookingTime": 200,
    "recipeRetstackSize": 1,
    "group": "",
    "recipeShapeless": true,
    "recipeSlots": [
      {
        "value": "Blocks.BAMBOO"
      },
      {
        "value": "Blocks.BAMBOO"
      },
      {
        "value": "Blocks.BAMBOO"
      },
      {
        "value": "Blocks.BAMBOO"
      },
      {
        "value": "Blocks.BAMBOO"
      },
      {
        "value": "Blocks.BAMBOO"
      },
      {
        "value": "Blocks.BAMBOO"
      },
      {
        "value": "Blocks.BAMBOO"
      },
      {
        "value": "Blocks.BAMBOO"
      }
    ],
    "recipeReturnStack": {
      "value": "CUSTOM:BambooPlanks"
    },
    "name": "bamboo_planks_recipe",
    "namespace": "mod"
  }
}