{
  "_fv": 34,
  "_type": "structure",
  "definition": {
    "structure": "bkbase",
    "randomlyRotateStructure": false,
    "surfaceDetectionType": "First motion blocking block",
    "spawnProbability": 1000000,
    "minCountPerChunk": 1,
    "maxCountPerChunk": 16,
    "spawnLocation": "Ground",
    "spawnHeightOffset": -1,
    "spawnXOffset": 0,
    "spawnZOffset": 0,
    "spawnWorldTypes": [
      "CUSTOM:Backrooms"
    ],
    "restrictionBlocks": [],
    "restrictionBiomes": [
      {
        "value": "CUSTOM:BackroomLevel0"
      }
    ],
    "ignoreBlocks": "STRUCTURE_BLOCK",
    "generateCondition": {
      "name": "BkbaseAdditionalGenerationCondition"
    },
    "onStructureGenerated": {
      "name": "BkbaseOnStructureInstanceGenerated"
    }
  }
}