{
  "_fv": 34,
  "_type": "armor",
  "definition": {
    "enableHelmet": true,
    "textureHelmet": "carbon_head",
    "enableBody": true,
    "textureBody": "carbon_body",
    "enableLeggings": true,
    "textureLeggings": "carbon_leggings",
    "enableBoots": true,
    "textureBoots": "carbon_boots",
    "onHelmetTick": {
      "name": "DripArmorBodyTickEvent"
    },
    "onBodyTick": {
      "name": "DripArmorBodyTickEvent"
    },
    "onLeggingsTick": {
      "name": "DripArmorBodyTickEvent"
    },
    "onBootsTick": {
      "name": "DripArmorBodyTickEvent"
    },
    "creativeTab": {
      "value": "CUSTOM:Crtabcombat"
    },
    "armorTextureFile": "carbon",
    "helmetName": "Carbon Fiber Helmet",
    "bodyName": "Carbon Fiber Chestplate",
    "leggingsName": "Carbon Fiber Leggings",
    "bootsName": "Carbon Fiber Boots",
    "helmetSpecialInfo": [],
    "bodySpecialInfo": [],
    "leggingsSpecialInfo": [],
    "bootsSpecialInfo": [],
    "helmetModelName": "Default",
    "helmetModelPart": "Helmet",
    "helmetModelTexture": "From armor",
    "bodyModelName": "Default",
    "bodyModelPart": "Body",
    "armsModelPartL": "Arms L",
    "armsModelPartR": "Arms R",
    "bodyModelTexture": "From armor",
    "leggingsModelName": "Default",
    "leggingsModelPartL": "Leggings L",
    "leggingsModelPartR": "Leggings R",
    "leggingsModelTexture": "From armor",
    "bootsModelName": "Default",
    "bootsModelPartL": "Boots L",
    "bootsModelPartR": "Boots R",
    "bootsModelTexture": "From armor",
    "helmetImmuneToFire": true,
    "bodyImmuneToFire": true,
    "leggingsImmuneToFire": true,
    "bootsImmuneToFire": true,
    "maxDamage": 10,
    "damageValueHelmet": 2,
    "damageValueBody": 6,
    "damageValueLeggings": 5,
    "damageValueBoots": 2,
    "enchantability": 14,
    "toughness": 0.0,
    "knockbackResistance": 0.30000000000000004,
    "equipSound": {
      "value": "item.armor.equip_chain"
    },
    "repairItems": [
      {
        "value": "CUSTOM:CarbonFiber"
      }
    ]
  }
}