{
  "_fv": 34,
  "_type": "armor",
  "definition": {
    "enableHelmet": true,
    "textureHelmet": "condensed_head",
    "enableBody": true,
    "textureBody": "condensed_body",
    "enableLeggings": true,
    "textureLeggings": "condensed_leggings",
    "enableBoots": true,
    "textureBoots": "condensed_boots",
    "onHelmetTick": {
      "name": "CondensedArmorProcedureTick"
    },
    "onBodyTick": {
      "name": "CondensedArmorProcedureTick"
    },
    "onLeggingsTick": {
      "name": "CondensedArmorProcedureTick"
    },
    "onBootsTick": {
      "name": "CondensedArmorProcedureTick"
    },
    "creativeTab": {
      "value": "CUSTOM:Crtabcombat"
    },
    "armorTextureFile": "condensed",
    "helmetName": "Condensed Helmet",
    "bodyName": "Condensed Chestplate",
    "leggingsName": "Condensed Leggings",
    "bootsName": "Condensed Boots",
    "helmetSpecialInfo": [
      "Extinguishes flames and may block attacks"
    ],
    "bodySpecialInfo": [
      "Extinguishes flames and may block attacks"
    ],
    "leggingsSpecialInfo": [
      "Extinguishes flames and may block attacks"
    ],
    "bootsSpecialInfo": [
      "Extinguishes flames and may block attacks"
    ],
    "helmetModelName": "Default",
    "helmetModelPart": "Helmet",
    "helmetModelTexture": "From armor",
    "bodyModelName": "Default",
    "bodyModelPart": "Body",
    "armsModelPartL": "Arms L",
    "armsModelPartR": "Arms R",
    "bodyModelTexture": "From armor",
    "leggingsModelName": "Default",
    "leggingsModelPartL": "Leggings L",
    "leggingsModelPartR": "Leggings R",
    "leggingsModelTexture": "From armor",
    "bootsModelName": "Default",
    "bootsModelPartL": "Boots L",
    "bootsModelPartR": "Boots R",
    "bootsModelTexture": "From armor",
    "helmetImmuneToFire": false,
    "bodyImmuneToFire": false,
    "leggingsImmuneToFire": false,
    "bootsImmuneToFire": false,
    "maxDamage": 6,
    "damageValueHelmet": 1,
    "damageValueBody": 2,
    "damageValueLeggings": 2,
    "damageValueBoots": 1,
    "enchantability": 4,
    "toughness": 0.0,
    "knockbackResistance": 0.0,
    "equipSound": {
      "value": ""
    },
    "repairItems": [
      {
        "value": "CUSTOM:CloudBlockRain"
      }
    ]
  }
}