{
  "_fv": 34,
  "_type": "armor",
  "definition": {
    "enableHelmet": true,
    "textureHelmet": "drip_head",
    "enableBody": true,
    "textureBody": "drip_body",
    "enableLeggings": true,
    "textureLeggings": "drip_leggings",
    "enableBoots": true,
    "textureBoots": "drip_boots",
    "onHelmetTick": {
      "name": "DripArmorBodyTickEvent"
    },
    "onBodyTick": {
      "name": "DripArmorBodyTickEvent"
    },
    "onLeggingsTick": {
      "name": "DripArmorBodyTickEvent"
    },
    "onBootsTick": {
      "name": "DripArmorBodyTickEvent"
    },
    "creativeTab": {
      "value": "CUSTOM:Crtabcombat"
    },
    "armorTextureFile": "drip",
    "helmetName": "Drip Hood",
    "bodyName": "Drip Jacket",
    "leggingsName": "Drip Pants",
    "bootsName": "Drip Shoes",
    "helmetSpecialInfo": [],
    "bodySpecialInfo": [],
    "leggingsSpecialInfo": [],
    "bootsSpecialInfo": [],
    "helmetModelName": "Default",
    "helmetModelPart": "Helmet",
    "helmetModelTexture": "From armor",
    "bodyModelName": "Default",
    "bodyModelPart": "Body",
    "armsModelPartL": "Arms L",
    "armsModelPartR": "Arms R",
    "bodyModelTexture": "From armor",
    "leggingsModelName": "Default",
    "leggingsModelPartL": "Leggings L",
    "leggingsModelPartR": "Leggings R",
    "leggingsModelTexture": "From armor",
    "bootsModelName": "Default",
    "bootsModelPartL": "Boots L",
    "bootsModelPartR": "Boots R",
    "bootsModelTexture": "From armor",
    "helmetImmuneToFire": false,
    "bodyImmuneToFire": false,
    "leggingsImmuneToFire": false,
    "bootsImmuneToFire": true,
    "maxDamage": 15,
    "damageValueHelmet": 4,
    "damageValueBody": 6,
    "damageValueLeggings": 7,
    "damageValueBoots": 2,
    "enchantability": 12,
    "toughness": 1.0,
    "knockbackResistance": 0.2,
    "equipSound": {
      "value": "item.armor.equip_leather"
    },
    "repairItems": [
      {
        "value": "Blocks.DRIPSTONE_BLOCK"
      }
    ]
  }
}