{
  "_fv": 34,
  "_type": "item",
  "definition": {
    "renderType": 0,
    "texture": "drumstick",
    "customModelName": "Normal",
    "name": "Raw Drumstick",
    "rarity": "COMMON",
    "creativeTab": {
      "value": "CUSTOM:Crtabcombat"
    },
    "stackSize": 1,
    "enchantability": 0,
    "useDuration": 48,
    "toolType": 1.0,
    "damageCount": 50,
    "recipeRemainder": {
      "value": ""
    },
    "destroyAnyBlock": false,
    "immuneToFire": false,
    "stayInGridWhenCrafting": false,
    "damageOnCrafting": false,
    "enableMeleeDamage": true,
    "damageVsEntity": 3.0,
    "specialInfo": [],
    "hasGlow": false,
    "guiBoundTo": "<NONE>",
    "inventorySize": 9,
    "inventoryStackSize": 64,
    "isFood": true,
    "nutritionalValue": 2,
    "saturation": 1.0,
    "eatResultItem": {
      "value": ""
    },
    "isMeat": true,
    "isAlwaysEdible": false,
    "animation": "eat"
  }
}