{
  "_fv": 34,
  "_type": "enchantment",
  "definition": {
    "name": "Efficacy",
    "type": "VANISHABLE",
    "rarity": "COMMON",
    "minLevel": 1,
    "maxLevel": 3,
    "damageModifier": 0,
    "compatibleEnchantments": [],
    "excludeEnchantments": false,
    "compatibleItems": [
      {
        "value": "CUSTOM:InfinitePotionRevitalization"
      },
      {
        "value": "CUSTOM:InfinitePotionLeaping"
      },
      {
        "value": "CUSTOM:InfinitePotionStrength"
      },
      {
        "value": "CUSTOM:InfinitePotionResistance"
      },
      {
        "value": "CUSTOM:InfinitePotionFireResistance"
      },
      {
        "value": "CUSTOM:InfinitePotionInvisibility"
      },
      {
        "value": "CUSTOM:InfinitePotionSlowFalling"
      },
      {
        "value": "CUSTOM:InfinitePotionDrip"
      },
      {
        "value": "CUSTOM:InfinitePotionHydration"
      },
      {
        "value": "CUSTOM:InfinitePotionSaturation"
      },
      {
        "value": "CUSTOM:InfinitePotionSwiftness"
      },
      {
        "value": "CUSTOM:InfinitePotionNightVision"
      },
      {
        "value": "CUSTOM:InfinitePotionWaterBreathing"
      }
    ],
    "excludeItems": false,
    "isTreasureEnchantment": false,
    "isCurse": false,
    "isAllowedOnBooks": true,
    "canGenerateInLootTables": true,
    "canVillagerTrade": true
  }
}