{
  "_fv": 34,
  "_type": "enchantment",
  "definition": {
    "name": "Holdup",
    "type": "WEAPON",
    "rarity": "COMMON",
    "minLevel": 1,
    "maxLevel": 3,
    "damageModifier": 0,
    "compatibleEnchantments": [],
    "excludeEnchantments": false,
    "compatibleItems": [
      {
        "value": "CUSTOM:Dagger"
      },
      {
        "value": "CUSTOM:WoodenBat"
      }
    ],
    "excludeItems": false,
    "isTreasureEnchantment": false,
    "isCurse": false,
    "isAllowedOnBooks": true,
    "canGenerateInLootTables": true,
    "canVillagerTrade": true
  }
}