{
  "_fv": 34,
  "_type": "tag",
  "definition": {
    "type": "Blocks",
    "items": [],
    "blocks": [
      {
        "value": "Blocks.COMMAND_BLOCK"
      },
      {
        "value": "Blocks.REPEATING_COMMAND_BLOCK"
      },
      {
        "value": "Blocks.CHAIN_COMMAND_BLOCK"
      },
      {
        "value": "Blocks.OBSIDIAN"
      },
      {
        "value": "Blocks.CRYING_OBSIDIAN"
      },
      {
        "value": "CUSTOM:TungstenBlock"
      },
      {
        "value": "Blocks.VOID_AIR"
      },
      {
        "value": "Blocks.STRUCTURE_VOID"
      },
      {
        "value": "Blocks.AIR"
      },
      {
        "value": "Blocks.CAVE_AIR"
      },
      {
        "value": "Blocks.DIAMOND_BLOCK"
      },
      {
        "value": "Blocks.BEDROCK"
      },
      {
        "value": "Blocks.EMERALD_BLOCK"
      },
      {
        "value": "Blocks.END_PORTAL"
      },
      {
        "value": "Blocks.END_PORTAL_FRAME"
      },
      {
        "value": "Blocks.PORTAL"
      },
      {
        "value": "Blocks.WATER"
      },
      {
        "value": "Blocks.LAVA"
      },
      {
        "value": "Blocks.ENCHANTING_TABLE"
      },
      {
        "value": "Blocks.BARRIER"
      },
      {
        "value": "Blocks.STRUCTURE_BLOCK"
      },
      {
        "value": "Blocks.STRUCTURE_BLOCK#1"
      },
      {
        "value": "Blocks.STRUCTURE_BLOCK#2"
      },
      {
        "value": "Blocks.STRUCTURE_BLOCK#3"
      },
      {
        "value": "Blocks.STRUCTURE_BLOCK#4"
      },
      {
        "value": "Blocks.JIGSAW"
      },
      {
        "value": "Blocks.RESPAWN_ANCHOR"
      },
      {
        "value": "Blocks.LODESTONE"
      },
      {
        "value": "Blocks.ANCIENT_DEBRIS"
      },
      {
        "value": "CUSTOM:WallBlock"
      }
    ],
    "functions": [],
    "entities": [],
    "name": "impenetrable",
    "namespace": "forge"
  }
}